[2026-07-26T18:55:04.632Z] SQL (all): SELECT * FROM countries | 7 ms
[2026-07-26T18:55:04.715Z] SQL (all): PRAGMA table_info(all_data) | 3 ms
[2026-07-26T18:55:05.198Z] SQL (all): SELECT DISTINCT year FROM all_data WHERE year IS NOT NULL ORDER BY year DESC | 486 ms
[2026-07-26T18:55:05.199Z] SQL (get): SELECT MIN(year) as min_year, MAX(year) as max_year FROM all_data WHERE year IS NOT NULL | 486 ms
[2026-07-26T18:55:09.720Z] SQL (get): 
    SELECT MIN(year) as min_year, MAX(year) as max_year
    FROM all_data
    WHERE year IS NOT NULL
   | 200 ms
[2026-07-26T18:55:09.989Z] SQL (get): 
      SELECT MIN(year) as min_year, MAX(year) as max_year
      FROM all_data
      WHERE year IS NOT NULL
        AND democracy_index IS NOT NULL
        AND corruption IS NOT NULL
        AND population IS NOT NULL
     | 244 ms
[2026-07-26T18:55:10.216Z] SQL (get): 
      SELECT MIN(year) as min_year, MAX(year) as max_year
      FROM all_data
      WHERE year IS NOT NULL
        AND hdi IS NOT NULL
        AND fertility IS NOT NULL
     | 471 ms
[2026-07-26T18:55:10.402Z] SQL (all): 
      SELECT country_code, year, democracy_index as x_value, corruption as y_value, population as s_value
      FROM all_data
      WHERE year = ? AND democracy_index IS NOT NULL AND corruption IS NOT NULL AND population IS NOT NULL
     | params: [2023] | 181 ms
[2026-07-26T18:55:10.420Z] SQL (all): 
      SELECT country_code, year, hdi as x_value, fertility as y_value
      FROM all_data
      WHERE year = ? AND hdi IS NOT NULL AND fertility IS NOT NULL
     | params: [2023] | 197 ms
[2026-07-26T18:55:10.681Z] SQL (all): 
      SELECT country_code, year, democracy_index as x_value, corruption as y_value
      FROM all_data
      WHERE democracy_index IS NOT NULL AND corruption IS NOT NULL
      ORDER BY year, country_code
     | 254 ms
[2026-07-26T18:55:10.924Z] SQL (all): 
      SELECT country_code, year, hdi as x_value, fertility as y_value
      FROM all_data
      WHERE hdi IS NOT NULL AND fertility IS NOT NULL
      ORDER BY year, country_code
     | 489 ms
[2026-07-26T18:55:11.191Z] SQL (get): 
      SELECT MIN(population) as min_value, MAX(population) as max_value
      FROM all_data
      WHERE population IS NOT NULL
     | 477 ms
[2026-07-26T18:56:22.505Z] SQL (all): 
    SELECT country_code, year, gdp_ppp, life_satisfaction_index, press_freedom
    FROM all_data
    WHERE country_code IN (?,?,?,?)
    ORDER BY country_code, year ASC
   | params: ["DEU","GBR","JPN","POL"] | 15 ms
[2026-07-26T18:56:23.956Z] SQL (get): 
      SELECT MIN(year) as min_year, MAX(year) as max_year
      FROM all_data
      WHERE year IS NOT NULL
        AND median_age IS NOT NULL
     | 192 ms
[2026-07-26T18:56:24.187Z] SQL (get): 
      SELECT MIN(median_age) as min_value, MAX(median_age) as max_value
      FROM all_data
      WHERE median_age IS NOT NULL
     | 225 ms
[2026-07-26T18:56:24.297Z] SQL (all): 
      SELECT country_code, year, annual_gdp_growth, corruption, debt_to_gdp, democracy_index, fertility, gdp, gdp_per_capita, gdp_ppp, gender_inequality, gini, hdi, homicide_rate, inflation, life_expectancy, life_satisfaction_index, median_age, population, press_freedom, unemployment, urbanization
      FROM all_data
      WHERE year = ?
      ORDER BY country_code
     | params: [2025] | 39 ms
[2026-07-26T18:57:28.506Z] SQL (all): SELECT * FROM countries | 4 ms
[2026-07-26T18:57:28.604Z] SQL (all): PRAGMA table_info(all_data) | 5 ms
[2026-07-26T18:57:28.947Z] SQL (all): SELECT DISTINCT year FROM all_data WHERE year IS NOT NULL ORDER BY year DESC | 348 ms
[2026-07-26T18:57:28.947Z] SQL (get): SELECT MIN(year) as min_year, MAX(year) as max_year FROM all_data WHERE year IS NOT NULL | 347 ms
[2026-07-26T18:57:36.872Z] SQL (get): 
    SELECT MIN(year) as min_year, MAX(year) as max_year
    FROM all_data
    WHERE year IS NOT NULL
   | 217 ms
[2026-07-26T18:57:37.143Z] SQL (get): 
      SELECT MIN(year) as min_year, MAX(year) as max_year
      FROM all_data
      WHERE year IS NOT NULL
        AND democracy_index IS NOT NULL
        AND corruption IS NOT NULL
        AND population IS NOT NULL
     | 207 ms
[2026-07-26T18:57:37.365Z] SQL (get): 
      SELECT MIN(year) as min_year, MAX(year) as max_year
      FROM all_data
      WHERE year IS NOT NULL
        AND hdi IS NOT NULL
        AND fertility IS NOT NULL
     | 428 ms
[2026-07-26T18:57:37.390Z] SQL (all): 
      SELECT country_code, year, democracy_index as x_value, corruption as y_value, population as s_value
      FROM all_data
      WHERE year = ? AND democracy_index IS NOT NULL AND corruption IS NOT NULL AND population IS NOT NULL
     | params: [2023] | 20 ms
[2026-07-26T18:57:37.407Z] SQL (all): 
      SELECT country_code, year, hdi as x_value, fertility as y_value
      FROM all_data
      WHERE year = ? AND hdi IS NOT NULL AND fertility IS NOT NULL
     | params: [2023] | 35 ms
[2026-07-26T18:57:37.631Z] SQL (all): 
      SELECT country_code, year, democracy_index as x_value, corruption as y_value
      FROM all_data
      WHERE democracy_index IS NOT NULL AND corruption IS NOT NULL
      ORDER BY year, country_code
     | 216 ms
[2026-07-26T18:57:37.872Z] SQL (all): 
      SELECT country_code, year, hdi as x_value, fertility as y_value
      FROM all_data
      WHERE hdi IS NOT NULL AND fertility IS NOT NULL
      ORDER BY year, country_code
     | 450 ms
[2026-07-26T18:57:38.103Z] SQL (get): 
      SELECT MIN(population) as min_value, MAX(population) as max_value
      FROM all_data
      WHERE population IS NOT NULL
     | 441 ms
[2026-07-26T18:59:09.222Z] SQL (all): SELECT * FROM countries | 5 ms
[2026-07-26T18:59:09.316Z] SQL (all): PRAGMA table_info(all_data) | 4 ms
[2026-07-26T18:59:09.624Z] SQL (all): SELECT DISTINCT year FROM all_data WHERE year IS NOT NULL ORDER BY year DESC | 312 ms
[2026-07-26T18:59:09.624Z] SQL (get): SELECT MIN(year) as min_year, MAX(year) as max_year FROM all_data WHERE year IS NOT NULL | 311 ms
[2026-07-26T19:02:46.648Z] SQL (get): 
    SELECT MIN(year) as min_year, MAX(year) as max_year
    FROM all_data
    WHERE year IS NOT NULL
   | 186 ms
[2026-07-26T19:02:46.849Z] SQL (get): 
      SELECT MIN(year) as min_year, MAX(year) as max_year
      FROM all_data
      WHERE year IS NOT NULL
        AND democracy_index IS NOT NULL
        AND corruption IS NOT NULL
        AND population IS NOT NULL
     | 179 ms
[2026-07-26T19:02:47.019Z] SQL (get): 
      SELECT MIN(year) as min_year, MAX(year) as max_year
      FROM all_data
      WHERE year IS NOT NULL
        AND hdi IS NOT NULL
        AND fertility IS NOT NULL
     | 348 ms
[2026-07-26T19:02:47.042Z] SQL (all): 
      SELECT country_code, year, democracy_index as x_value, corruption as y_value, population as s_value
      FROM all_data
      WHERE year = ? AND democracy_index IS NOT NULL AND corruption IS NOT NULL AND population IS NOT NULL
     | params: [2023] | 19 ms
[2026-07-26T19:02:47.058Z] SQL (all): 
      SELECT country_code, year, hdi as x_value, fertility as y_value
      FROM all_data
      WHERE year = ? AND hdi IS NOT NULL AND fertility IS NOT NULL
     | params: [2023] | 33 ms
[2026-07-26T19:02:47.281Z] SQL (all): 
      SELECT country_code, year, democracy_index as x_value, corruption as y_value
      FROM all_data
      WHERE democracy_index IS NOT NULL AND corruption IS NOT NULL
      ORDER BY year, country_code
     | 215 ms
[2026-07-26T19:02:47.518Z] SQL (all): 
      SELECT country_code, year, hdi as x_value, fertility as y_value
      FROM all_data
      WHERE hdi IS NOT NULL AND fertility IS NOT NULL
      ORDER BY year, country_code
     | 444 ms
[2026-07-26T19:02:47.817Z] SQL (get): 
      SELECT MIN(population) as min_value, MAX(population) as max_value
      FROM all_data
      WHERE population IS NOT NULL
     | 500 ms
[2026-07-27T16:18:26.728Z] SQL (all): SELECT * FROM countries | 61 ms
[2026-07-27T16:18:26.773Z] SQL (all): SELECT DISTINCT year FROM all_data WHERE year IS NOT NULL ORDER BY year DESC | 5 ms
[2026-07-27T16:18:26.775Z] SQL (get): SELECT MIN(year) as min_year, MAX(year) as max_year FROM all_data WHERE year IS NOT NULL | 7 ms
[2026-07-27T16:18:26.776Z] SQL (all): PRAGMA table_info(all_data) | 9 ms
[2026-07-27T16:21:32.703Z] SQL (all): SELECT * FROM countries | 7 ms
[2026-07-27T16:21:32.797Z] SQL (all): SELECT DISTINCT year FROM all_data WHERE year IS NOT NULL ORDER BY year DESC | 4 ms
[2026-07-27T16:21:32.798Z] SQL (get): SELECT MIN(year) as min_year, MAX(year) as max_year FROM all_data WHERE year IS NOT NULL | 5 ms
[2026-07-27T16:21:32.799Z] SQL (all): PRAGMA table_info(all_data) | 7 ms
[2026-07-27T16:21:48.429Z] SQL (get): 
    SELECT MIN(year) as min_year, MAX(year) as max_year
    FROM all_data
    WHERE year IS NOT NULL
   | 4 ms
[2026-07-27T16:21:48.458Z] SQL (get): 
      SELECT MIN(year) as min_year, MAX(year) as max_year
      FROM all_data
      WHERE year IS NOT NULL
        AND democracy_index IS NOT NULL
        AND corruption IS NOT NULL
        AND population IS NOT NULL
     | 3 ms
[2026-07-27T16:21:48.461Z] SQL (get): 
      SELECT MIN(year) as min_year, MAX(year) as max_year
      FROM all_data
      WHERE year IS NOT NULL
        AND hdi IS NOT NULL
        AND fertility IS NOT NULL
     | 6 ms
[2026-07-27T16:21:48.474Z] SQL (all): 
      SELECT country_code, year, democracy_index as x_value, corruption as y_value, population as s_value
      FROM all_data
      WHERE year = ? AND democracy_index IS NOT NULL AND corruption IS NOT NULL AND population IS NOT NULL
     | params: [50] | 5 ms
[2026-07-27T16:21:48.477Z] SQL (all): 
      SELECT country_code, year, hdi as x_value, fertility as y_value
      FROM all_data
      WHERE year = ? AND hdi IS NOT NULL AND fertility IS NOT NULL
     | params: [50] | 7 ms
[2026-07-27T16:21:51.655Z] SQL (all): 
      SELECT country_code, year, democracy_index as x_value, corruption as y_value, population as s_value
      FROM all_data
      WHERE year = ? AND democracy_index IS NOT NULL AND corruption IS NOT NULL AND population IS NOT NULL
     | params: [61] | 3 ms
[2026-07-27T16:21:51.659Z] SQL (all): 
      SELECT country_code, year, hdi as x_value, fertility as y_value
      FROM all_data
      WHERE year = ? AND hdi IS NOT NULL AND fertility IS NOT NULL
     | params: [61] | 7 ms
[2026-07-27T16:21:51.674Z] SQL (all): 
      SELECT country_code, year, democracy_index as x_value, corruption as y_value, population as s_value
      FROM all_data
      WHERE year = ? AND democracy_index IS NOT NULL AND corruption IS NOT NULL AND population IS NOT NULL
     | params: [69] | 6 ms
[2026-07-27T16:21:51.679Z] SQL (all): 
      SELECT country_code, year, hdi as x_value, fertility as y_value
      FROM all_data
      WHERE year = ? AND hdi IS NOT NULL AND fertility IS NOT NULL
     | params: [69] | 9 ms
[2026-07-27T16:21:51.690Z] SQL (all): 
      SELECT country_code, year, democracy_index as x_value, corruption as y_value, population as s_value
      FROM all_data
      WHERE year = ? AND democracy_index IS NOT NULL AND corruption IS NOT NULL AND population IS NOT NULL
     | params: [77] | 4 ms
[2026-07-27T16:21:51.695Z] SQL (all): 
      SELECT country_code, year, hdi as x_value, fertility as y_value
      FROM all_data
      WHERE year = ? AND hdi IS NOT NULL AND fertility IS NOT NULL
     | params: [77] | 8 ms
[2026-07-27T16:21:51.708Z] SQL (all): 
      SELECT country_code, year, democracy_index as x_value, corruption as y_value, population as s_value
      FROM all_data
      WHERE year = ? AND democracy_index IS NOT NULL AND corruption IS NOT NULL AND population IS NOT NULL
     | params: [80] | 4 ms
[2026-07-27T16:21:51.712Z] SQL (all): 
      SELECT country_code, year, hdi as x_value, fertility as y_value
      FROM all_data
      WHERE year = ? AND hdi IS NOT NULL AND fertility IS NOT NULL
     | params: [80] | 7 ms
[2026-07-27T16:21:51.722Z] SQL (all): 
      SELECT country_code, year, democracy_index as x_value, corruption as y_value, population as s_value
      FROM all_data
      WHERE year = ? AND democracy_index IS NOT NULL AND corruption IS NOT NULL AND population IS NOT NULL
     | params: [83] | 4 ms
[2026-07-27T16:21:51.726Z] SQL (all): 
      SELECT country_code, year, hdi as x_value, fertility as y_value
      FROM all_data
      WHERE year = ? AND hdi IS NOT NULL AND fertility IS NOT NULL
     | params: [83] | 8 ms
[2026-07-27T16:21:51.738Z] SQL (all): 
      SELECT country_code, year, democracy_index as x_value, corruption as y_value, population as s_value
      FROM all_data
      WHERE year = ? AND democracy_index IS NOT NULL AND corruption IS NOT NULL AND population IS NOT NULL
     | params: [84] | 4 ms
[2026-07-27T16:21:51.741Z] SQL (all): 
      SELECT country_code, year, hdi as x_value, fertility as y_value
      FROM all_data
      WHERE year = ? AND hdi IS NOT NULL AND fertility IS NOT NULL
     | params: [84] | 7 ms
[2026-07-27T16:21:51.754Z] SQL (all): 
      SELECT country_code, year, democracy_index as x_value, corruption as y_value, population as s_value
      FROM all_data
      WHERE year = ? AND democracy_index IS NOT NULL AND corruption IS NOT NULL AND population IS NOT NULL
     | params: [86] | 3 ms
[2026-07-27T16:21:51.758Z] SQL (all): 
      SELECT country_code, year, hdi as x_value, fertility as y_value
      FROM all_data
      WHERE year = ? AND hdi IS NOT NULL AND fertility IS NOT NULL
     | params: [86] | 7 ms
[2026-07-27T16:21:51.771Z] SQL (all): 
      SELECT country_code, year, democracy_index as x_value, corruption as y_value, population as s_value
      FROM all_data
      WHERE year = ? AND democracy_index IS NOT NULL AND corruption IS NOT NULL AND population IS NOT NULL
     | params: [88] | 3 ms
[2026-07-27T16:21:51.774Z] SQL (all): 
      SELECT country_code, year, hdi as x_value, fertility as y_value
      FROM all_data
      WHERE year = ? AND hdi IS NOT NULL AND fertility IS NOT NULL
     | params: [88] | 5 ms
[2026-07-27T16:21:51.788Z] SQL (all): 
      SELECT country_code, year, democracy_index as x_value, corruption as y_value, population as s_value
      FROM all_data
      WHERE year = ? AND democracy_index IS NOT NULL AND corruption IS NOT NULL AND population IS NOT NULL
     | params: [89] | 3 ms
[2026-07-27T16:21:51.790Z] SQL (all): 
      SELECT country_code, year, hdi as x_value, fertility as y_value
      FROM all_data
      WHERE year = ? AND hdi IS NOT NULL AND fertility IS NOT NULL
     | params: [89] | 5 ms
[2026-07-27T16:21:51.805Z] SQL (all): 
      SELECT country_code, year, democracy_index as x_value, corruption as y_value, population as s_value
      FROM all_data
      WHERE year = ? AND democracy_index IS NOT NULL AND corruption IS NOT NULL AND population IS NOT NULL
     | params: [92] | 4 ms
[2026-07-27T16:21:51.807Z] SQL (all): 
      SELECT country_code, year, hdi as x_value, fertility as y_value
      FROM all_data
      WHERE year = ? AND hdi IS NOT NULL AND fertility IS NOT NULL
     | params: [92] | 5 ms
[2026-07-27T16:21:51.821Z] SQL (all): 
      SELECT country_code, year, democracy_index as x_value, corruption as y_value, population as s_value
      FROM all_data
      WHERE year = ? AND democracy_index IS NOT NULL AND corruption IS NOT NULL AND population IS NOT NULL
     | params: [94] | 4 ms
[2026-07-27T16:21:51.824Z] SQL (all): 
      SELECT country_code, year, hdi as x_value, fertility as y_value
      FROM all_data
      WHERE year = ? AND hdi IS NOT NULL AND fertility IS NOT NULL
     | params: [94] | 6 ms
[2026-07-27T16:21:51.837Z] SQL (all): 
      SELECT country_code, year, democracy_index as x_value, corruption as y_value, population as s_value
      FROM all_data
      WHERE year = ? AND democracy_index IS NOT NULL AND corruption IS NOT NULL AND population IS NOT NULL
     | params: [99] | 3 ms
[2026-07-27T16:21:51.840Z] SQL (all): 
      SELECT country_code, year, hdi as x_value, fertility as y_value
      FROM all_data
      WHERE year = ? AND hdi IS NOT NULL AND fertility IS NOT NULL
     | params: [99] | 6 ms
[2026-07-27T16:21:51.855Z] SQL (all): 
      SELECT country_code, year, democracy_index as x_value, corruption as y_value, population as s_value
      FROM all_data
      WHERE year = ? AND democracy_index IS NOT NULL AND corruption IS NOT NULL AND population IS NOT NULL
     | params: [100] | 4 ms
[2026-07-27T16:21:51.858Z] SQL (all): 
      SELECT country_code, year, hdi as x_value, fertility as y_value
      FROM all_data
      WHERE year = ? AND hdi IS NOT NULL AND fertility IS NOT NULL
     | params: [100] | 7 ms
[2026-07-27T16:21:53.951Z] SQL (all): 
      SELECT country_code, year, democracy_index as x_value, corruption as y_value, population as s_value
      FROM all_data
      WHERE year = ? AND democracy_index IS NOT NULL AND corruption IS NOT NULL AND population IS NOT NULL
     | params: [25] | 3 ms
[2026-07-27T16:21:53.957Z] SQL (all): 
      SELECT country_code, year, hdi as x_value, fertility as y_value
      FROM all_data
      WHERE year = ? AND hdi IS NOT NULL AND fertility IS NOT NULL
     | params: [25] | 9 ms
[2026-07-27T16:21:55.047Z] SQL (all): 
      SELECT country_code, year, democracy_index as x_value, corruption as y_value, population as s_value
      FROM all_data
      WHERE year = ? AND democracy_index IS NOT NULL AND corruption IS NOT NULL AND population IS NOT NULL
     | params: [16] | 4 ms
[2026-07-27T16:21:55.050Z] SQL (all): 
      SELECT country_code, year, hdi as x_value, fertility as y_value
      FROM all_data
      WHERE year = ? AND hdi IS NOT NULL AND fertility IS NOT NULL
     | params: [16] | 6 ms
[2026-07-27T16:21:56.373Z] SQL (all): 
      SELECT country_code, year, democracy_index as x_value, corruption as y_value, population as s_value
      FROM all_data
      WHERE year = ? AND democracy_index IS NOT NULL AND corruption IS NOT NULL AND population IS NOT NULL
     | params: [25] | 4 ms
[2026-07-27T16:21:56.382Z] SQL (all): 
      SELECT country_code, year, hdi as x_value, fertility as y_value
      FROM all_data
      WHERE year = ? AND hdi IS NOT NULL AND fertility IS NOT NULL
     | params: [25] | 12 ms
[2026-07-27T16:21:56.419Z] SQL (all): 
      SELECT country_code, year, democracy_index as x_value, corruption as y_value, population as s_value
      FROM all_data
      WHERE year = ? AND democracy_index IS NOT NULL AND corruption IS NOT NULL AND population IS NOT NULL
     | params: [52] | 19 ms
[2026-07-27T16:21:56.422Z] SQL (all): 
      SELECT country_code, year, hdi as x_value, fertility as y_value
      FROM all_data
      WHERE year = ? AND hdi IS NOT NULL AND fertility IS NOT NULL
     | params: [52] | 5 ms
[2026-07-27T16:21:56.429Z] SQL (all): 
      SELECT country_code, year, democracy_index as x_value, corruption as y_value, population as s_value
      FROM all_data
      WHERE year = ? AND democracy_index IS NOT NULL AND corruption IS NOT NULL AND population IS NOT NULL
     | params: [73] | 9 ms
[2026-07-27T16:21:56.431Z] SQL (all): 
      SELECT country_code, year, hdi as x_value, fertility as y_value
      FROM all_data
      WHERE year = ? AND hdi IS NOT NULL AND fertility IS NOT NULL
     | params: [73] | 7 ms
[2026-07-27T16:21:56.437Z] SQL (all): 
      SELECT country_code, year, democracy_index as x_value, corruption as y_value, population as s_value
      FROM all_data
      WHERE year = ? AND democracy_index IS NOT NULL AND corruption IS NOT NULL AND population IS NOT NULL
     | params: [86] | 6 ms
[2026-07-27T16:21:56.442Z] SQL (all): 
      SELECT country_code, year, hdi as x_value, fertility as y_value
      FROM all_data
      WHERE year = ? AND hdi IS NOT NULL AND fertility IS NOT NULL
     | params: [86] | 6 ms
[2026-07-27T16:21:56.445Z] SQL (all): 
      SELECT country_code, year, democracy_index as x_value, corruption as y_value, population as s_value
      FROM all_data
      WHERE year = ? AND democracy_index IS NOT NULL AND corruption IS NOT NULL AND population IS NOT NULL
     | params: [91] | 8 ms
[2026-07-27T16:21:56.461Z] SQL (all): 
      SELECT country_code, year, hdi as x_value, fertility as y_value
      FROM all_data
      WHERE year = ? AND hdi IS NOT NULL AND fertility IS NOT NULL
     | params: [91] | 8 ms
[2026-07-27T16:21:56.467Z] SQL (all): 
      SELECT country_code, year, democracy_index as x_value, corruption as y_value, population as s_value
      FROM all_data
      WHERE year = ? AND democracy_index IS NOT NULL AND corruption IS NOT NULL AND population IS NOT NULL
     | params: [97] | 4 ms
[2026-07-27T16:21:56.473Z] SQL (all): 
      SELECT country_code, year, hdi as x_value, fertility as y_value
      FROM all_data
      WHERE year = ? AND hdi IS NOT NULL AND fertility IS NOT NULL
     | params: [97] | 9 ms
[2026-07-27T16:21:56.477Z] SQL (all): 
      SELECT country_code, year, democracy_index as x_value, corruption as y_value, population as s_value
      FROM all_data
      WHERE year = ? AND democracy_index IS NOT NULL AND corruption IS NOT NULL AND population IS NOT NULL
     | params: [98] | 6 ms
[2026-07-27T16:21:56.484Z] SQL (all): 
      SELECT country_code, year, hdi as x_value, fertility as y_value
      FROM all_data
      WHERE year = ? AND hdi IS NOT NULL AND fertility IS NOT NULL
     | params: [98] | 11 ms
[2026-07-27T16:21:56.489Z] SQL (all): 
      SELECT country_code, year, democracy_index as x_value, corruption as y_value, population as s_value
      FROM all_data
      WHERE year = ? AND democracy_index IS NOT NULL AND corruption IS NOT NULL AND population IS NOT NULL
     | params: [100] | 4 ms
[2026-07-27T16:21:56.493Z] SQL (all): 
      SELECT country_code, year, hdi as x_value, fertility as y_value
      FROM all_data
      WHERE year = ? AND hdi IS NOT NULL AND fertility IS NOT NULL
     | params: [100] | 8 ms
[2026-07-27T16:22:10.025Z] SQL (get): 
    SELECT MIN(year) as min_year, MAX(year) as max_year
    FROM all_data
    WHERE year IS NOT NULL
   | 4 ms
[2026-07-27T16:22:10.050Z] SQL (get): 
      SELECT MIN(year) as min_year, MAX(year) as max_year
      FROM all_data
      WHERE year IS NOT NULL
        AND democracy_index IS NOT NULL
        AND corruption IS NOT NULL
        AND population IS NOT NULL
     | 4 ms
[2026-07-27T16:22:10.053Z] SQL (get): 
      SELECT MIN(year) as min_year, MAX(year) as max_year
      FROM all_data
      WHERE year IS NOT NULL
        AND hdi IS NOT NULL
        AND fertility IS NOT NULL
     | 6 ms
[2026-07-27T16:22:10.066Z] SQL (all): 
      SELECT country_code, year, democracy_index as x_value, corruption as y_value, population as s_value
      FROM all_data
      WHERE year = ? AND democracy_index IS NOT NULL AND corruption IS NOT NULL AND population IS NOT NULL
     | params: [50] | 4 ms
[2026-07-27T16:22:10.070Z] SQL (all): 
      SELECT country_code, year, hdi as x_value, fertility as y_value
      FROM all_data
      WHERE year = ? AND hdi IS NOT NULL AND fertility IS NOT NULL
     | params: [50] | 8 ms
[2026-07-27T16:22:13.538Z] SQL (get): 
    SELECT MIN(year) as min_year, MAX(year) as max_year
    FROM all_data
    WHERE year IS NOT NULL
   | 6 ms
[2026-07-27T16:22:13.558Z] SQL (get): 
      SELECT MIN(year) as min_year, MAX(year) as max_year
      FROM all_data
      WHERE year IS NOT NULL
        AND democracy_index IS NOT NULL
        AND corruption IS NOT NULL
        AND population IS NOT NULL
     | 3 ms
[2026-07-27T16:22:13.560Z] SQL (get): 
      SELECT MIN(year) as min_year, MAX(year) as max_year
      FROM all_data
      WHERE year IS NOT NULL
        AND hdi IS NOT NULL
        AND fertility IS NOT NULL
     | 4 ms
[2026-07-27T16:22:13.573Z] SQL (all): 
      SELECT country_code, year, democracy_index as x_value, corruption as y_value, population as s_value
      FROM all_data
      WHERE year = ? AND democracy_index IS NOT NULL AND corruption IS NOT NULL AND population IS NOT NULL
     | params: [50] | 4 ms
[2026-07-27T16:22:13.575Z] SQL (all): 
      SELECT country_code, year, hdi as x_value, fertility as y_value
      FROM all_data
      WHERE year = ? AND hdi IS NOT NULL AND fertility IS NOT NULL
     | params: [50] | 5 ms
[2026-07-27T16:22:18.612Z] SQL (all): 
    SELECT country_code, year, gdp_ppp, life_satisfaction_index, press_freedom
    FROM all_data
    WHERE country_code IN (?,?,?,?)
    ORDER BY country_code, year ASC
   | params: ["DEU","GBR","JPN","POL"] | 4 ms
[2026-07-27T16:22:20.654Z] SQL (all): 
    SELECT DISTINCT year
    FROM all_data
    WHERE year IS NOT NULL
    ORDER BY year DESC
   | 4 ms
[2026-07-27T16:22:22.146Z] SQL (all): 
    SELECT DISTINCT year
    FROM all_data
    WHERE year IS NOT NULL
    ORDER BY year DESC
   | 4 ms
[2026-07-27T16:22:23.777Z] SQL (all): 
    SELECT DISTINCT year
    FROM all_data
    WHERE year IS NOT NULL
    ORDER BY year DESC
   | 3 ms
[2026-07-27T16:22:25.817Z] SQL (all): 
      SELECT country_code, year, democracy_index as x_value, corruption as y_value, population as s_value
      FROM all_data
      WHERE year = ? AND democracy_index IS NOT NULL AND corruption IS NOT NULL AND population IS NOT NULL
     | params: [50] | 3 ms
[2026-07-27T16:22:25.832Z] SQL (all): 
      SELECT country_code, year, hdi as x_value, fertility as y_value
      FROM all_data
      WHERE year = ? AND hdi IS NOT NULL AND fertility IS NOT NULL
     | params: [50] | 9 ms
[2026-07-27T16:22:28.481Z] SQL (get): 
    SELECT MIN(year) as min_year, MAX(year) as max_year
    FROM all_data
    WHERE year IS NOT NULL
   | 4 ms
[2026-07-27T16:22:28.517Z] SQL (get): 
      SELECT MIN(year) as min_year, MAX(year) as max_year
      FROM all_data
      WHERE year IS NOT NULL
        AND democracy_index IS NOT NULL
        AND corruption IS NOT NULL
        AND population IS NOT NULL
     | 3 ms
[2026-07-27T16:22:28.519Z] SQL (get): 
      SELECT MIN(year) as min_year, MAX(year) as max_year
      FROM all_data
      WHERE year IS NOT NULL
        AND hdi IS NOT NULL
        AND fertility IS NOT NULL
     | 5 ms
[2026-07-27T16:22:28.531Z] SQL (all): 
      SELECT country_code, year, democracy_index as x_value, corruption as y_value, population as s_value
      FROM all_data
      WHERE year = ? AND democracy_index IS NOT NULL AND corruption IS NOT NULL AND population IS NOT NULL
     | params: [50] | 4 ms
[2026-07-27T16:22:28.535Z] SQL (all): 
      SELECT country_code, year, hdi as x_value, fertility as y_value
      FROM all_data
      WHERE year = ? AND hdi IS NOT NULL AND fertility IS NOT NULL
     | params: [50] | 8 ms
[2026-07-27T16:26:37.486Z] SQL (all): SELECT * FROM countries | 5 ms
[2026-07-27T16:26:37.588Z] SQL (all): PRAGMA table_info(all_data) | 3 ms
[2026-07-27T16:26:37.599Z] SQL (all): SELECT DISTINCT year FROM all_data WHERE year IS NOT NULL ORDER BY year DESC | 13 ms
[2026-07-27T16:26:37.599Z] SQL (get): SELECT MIN(year) as min_year, MAX(year) as max_year FROM all_data WHERE year IS NOT NULL | 13 ms
[2026-07-27T16:27:36.394Z] SQL (get): 
    SELECT MIN(year) as min_year, MAX(year) as max_year
    FROM all_data
    WHERE year IS NOT NULL
   | 8 ms
[2026-07-27T16:27:36.460Z] SQL (get): 
      SELECT MIN(year) as min_year, MAX(year) as max_year
      FROM all_data
      WHERE year IS NOT NULL
        AND democracy_index IS NOT NULL
        AND corruption IS NOT NULL
        AND population IS NOT NULL
     | 25 ms
[2026-07-27T16:27:36.486Z] SQL (get): 
      SELECT MIN(year) as min_year, MAX(year) as max_year
      FROM all_data
      WHERE year IS NOT NULL
        AND hdi IS NOT NULL
        AND fertility IS NOT NULL
     | 51 ms
[2026-07-27T16:27:36.497Z] SQL (all): 
      SELECT country_code, year, democracy_index as x_value, corruption as y_value, population as s_value
      FROM all_data
      WHERE year = ? AND democracy_index IS NOT NULL AND corruption IS NOT NULL AND population IS NOT NULL
     | params: [2023] | 7 ms
[2026-07-27T16:27:36.500Z] SQL (all): 
      SELECT country_code, year, hdi as x_value, fertility as y_value
      FROM all_data
      WHERE year = ? AND hdi IS NOT NULL AND fertility IS NOT NULL
     | params: [2023] | 9 ms
[2026-07-27T16:27:36.555Z] SQL (all): 
      SELECT country_code, year, democracy_index as x_value, corruption as y_value
      FROM all_data
      WHERE democracy_index IS NOT NULL AND corruption IS NOT NULL
      ORDER BY year, country_code
     | 36 ms
[2026-07-27T16:27:36.615Z] SQL (all): 
      SELECT country_code, year, hdi as x_value, fertility as y_value
      FROM all_data
      WHERE hdi IS NOT NULL AND fertility IS NOT NULL
      ORDER BY year, country_code
     | 94 ms
[2026-07-27T16:27:36.721Z] SQL (get): 
      SELECT MIN(population) as min_value, MAX(population) as max_value
      FROM all_data
      WHERE population IS NOT NULL
     | 58 ms
[2026-07-27T16:28:01.124Z] SQL (get): 
      SELECT MIN(year) as min_year, MAX(year) as max_year
      FROM all_data
      WHERE year IS NOT NULL
        AND gender_inequality IS NOT NULL
        AND fertility IS NOT NULL
     | 29 ms
[2026-07-27T16:28:01.137Z] SQL (all): 
      SELECT country_code, year, gender_inequality as x_value, fertility as y_value
      FROM all_data
      WHERE year = ? AND gender_inequality IS NOT NULL AND fertility IS NOT NULL
     | params: [2023] | 5 ms
[2026-07-27T16:28:01.195Z] SQL (all): 
      SELECT country_code, year, gender_inequality as x_value, fertility as y_value
      FROM all_data
      WHERE gender_inequality IS NOT NULL AND fertility IS NOT NULL
      ORDER BY year, country_code
     | 49 ms
[2026-07-27T16:28:08.918Z] SQL (all): 
    SELECT country_code, year, gdp_ppp, life_satisfaction_index, press_freedom
    FROM all_data
    WHERE country_code IN (?,?,?,?)
    ORDER BY country_code, year ASC
   | params: ["DEU","GBR","JPN","POL"] | 8 ms
[2026-07-27T16:28:15.656Z] SQL (all): 
    SELECT country_code, year, gdp_ppp, life_satisfaction_index
    FROM all_data
    WHERE country_code IN (?,?,?,?)
    ORDER BY country_code, year ASC
   | params: ["DEU","GBR","JPN","POL"] | 8 ms
[2026-07-27T16:28:17.687Z] SQL (all): 
    SELECT country_code, year, life_satisfaction_index
    FROM all_data
    WHERE country_code IN (?,?,?,?)
    ORDER BY country_code, year ASC
   | params: ["DEU","GBR","JPN","POL"] | 6 ms
[2026-07-27T16:28:37.796Z] SQL (all): 
    SELECT country_code, year, corruption
    FROM all_data
    WHERE country_code IN (?,?,?,?)
    ORDER BY country_code, year ASC
   | params: ["DEU","GBR","JPN","POL"] | 5 ms
[2026-07-27T16:28:43.168Z] SQL (all): 
    SELECT country_code, year, annual_gdp_growth, corruption
    FROM all_data
    WHERE country_code IN (?,?,?,?)
    ORDER BY country_code, year ASC
   | params: ["DEU","GBR","JPN","POL"] | 4 ms
[2026-07-27T16:28:46.636Z] SQL (all): 
    SELECT country_code, year, annual_gdp_growth, corruption, mobile_subscriptions_per100
    FROM all_data
    WHERE country_code IN (?,?,?,?)
    ORDER BY country_code, year ASC
   | params: ["DEU","GBR","JPN","POL"] | 7 ms
[2026-07-27T16:28:52.236Z] SQL (all): 
    SELECT country_code, year, annual_gdp_growth
    FROM all_data
    WHERE country_code IN (?,?,?,?)
    ORDER BY country_code, year ASC
   | params: ["DEU","GBR","JPN","POL"] | 5 ms
[2026-07-27T16:29:04.619Z] SQL (get): 
      SELECT MIN(year) as min_year, MAX(year) as max_year
      FROM all_data
      WHERE year IS NOT NULL
        AND median_age IS NOT NULL
     | 29 ms
[2026-07-27T16:29:04.650Z] SQL (get): 
      SELECT MIN(median_age) as min_value, MAX(median_age) as max_value
      FROM all_data
      WHERE median_age IS NOT NULL
     | 26 ms
[2026-07-27T16:29:04.685Z] SQL (all): 
      SELECT country_code, year, access_to_clean_fuels, access_to_electricity, annual_gdp_growth, arable_land_percent, birth_rate, child_mortality, co2_emissions_per_capita, co2_emissions_total, corruption, corruption_perceptions_index, current_account_balance_percent_gdp, death_rate, debt_to_gdp, democracy_index, education_expenditure_percent_gdp, exports_percent_gdp, fdi_net_inflows, female_enrollment_tertiary, female_labor_force_participation, fertility, fixed_broadband_per100, forest_area_percent, gdp, gdp_per_capita, gdp_ppp, gender_inequality, gini, greenhouse_gas_emissions_per_capita, gross_savings_percent_gdp, hdi, health_expenditure_per_capita, health_expenditure_percent_gdp, hightech_exports_percent, homicide_rate, hospital_beds_per1000, human_rights_score, ict_goods_exports_percent, immunization_dpt, immunization_measles, inflation, internet_users_percent, learning_adjusted_years_of_school, life_expectancy, life_satisfaction_index, literacy_rate_adult, literacy_rate_youth, maternal_mortality_ratio, median_age, military_expenditure_percent_gdp, military_expenditure_total, mobile_subscriptions_per100, mortality_rate_under5, nuclear_energy_share, nurses_midwives_per1000, patent_applications_residents, physicians_per1000, pm25_air_pollution, population, poverty_ratio, press_freedom, pupil_teacher_ratio_primary, rd_expenditure_percent_gdp, renewable_electricity_output, renewable_energy_percent, renewable_energy_share_total, rule_of_law, sanitation_access_safe, school_enrollment_primary, school_enrollment_secondary, school_enrollment_tertiary, secure_internet_servers_per_million, share_electricity_renewables, share_using_internet, terrorism_deaths, trade_percent_gdp, unemployment, urbanization, women_in_parliament
      FROM all_data
      WHERE year = ?
      ORDER BY country_code
     | params: [2025] | 20 ms
[2026-07-27T16:29:07.426Z] SQL (all): 
      SELECT country_code, year, access_to_clean_fuels, access_to_electricity, annual_gdp_growth, arable_land_percent, birth_rate, child_mortality, co2_emissions_per_capita, co2_emissions_total, corruption, corruption_perceptions_index, current_account_balance_percent_gdp, death_rate, debt_to_gdp, democracy_index, education_expenditure_percent_gdp, exports_percent_gdp, fdi_net_inflows, female_enrollment_tertiary, female_labor_force_participation, fertility, fixed_broadband_per100, forest_area_percent, gdp, gdp_per_capita, gdp_ppp, gender_inequality, gini, greenhouse_gas_emissions_per_capita, gross_savings_percent_gdp, hdi, health_expenditure_per_capita, health_expenditure_percent_gdp, hightech_exports_percent, homicide_rate, hospital_beds_per1000, human_rights_score, ict_goods_exports_percent, immunization_dpt, immunization_measles, inflation, internet_users_percent, learning_adjusted_years_of_school, life_expectancy, life_satisfaction_index, literacy_rate_adult, literacy_rate_youth, maternal_mortality_ratio, median_age, military_expenditure_percent_gdp, military_expenditure_total, mobile_subscriptions_per100, mortality_rate_under5, nuclear_energy_share, nurses_midwives_per1000, patent_applications_residents, physicians_per1000, pm25_air_pollution, population, poverty_ratio, press_freedom, pupil_teacher_ratio_primary, rd_expenditure_percent_gdp, renewable_electricity_output, renewable_energy_percent, renewable_energy_share_total, rule_of_law, sanitation_access_safe, school_enrollment_primary, school_enrollment_secondary, school_enrollment_tertiary, secure_internet_servers_per_million, share_electricity_renewables, share_using_internet, terrorism_deaths, trade_percent_gdp, unemployment, urbanization, women_in_parliament
      FROM all_data
      WHERE year = ?
      ORDER BY country_code
     | params: [2009] | 34 ms
[2026-07-27T16:29:07.467Z] SQL (all): 
      SELECT country_code, year, access_to_clean_fuels, access_to_electricity, annual_gdp_growth, arable_land_percent, birth_rate, child_mortality, co2_emissions_per_capita, co2_emissions_total, corruption, corruption_perceptions_index, current_account_balance_percent_gdp, death_rate, debt_to_gdp, democracy_index, education_expenditure_percent_gdp, exports_percent_gdp, fdi_net_inflows, female_enrollment_tertiary, female_labor_force_participation, fertility, fixed_broadband_per100, forest_area_percent, gdp, gdp_per_capita, gdp_ppp, gender_inequality, gini, greenhouse_gas_emissions_per_capita, gross_savings_percent_gdp, hdi, health_expenditure_per_capita, health_expenditure_percent_gdp, hightech_exports_percent, homicide_rate, hospital_beds_per1000, human_rights_score, ict_goods_exports_percent, immunization_dpt, immunization_measles, inflation, internet_users_percent, learning_adjusted_years_of_school, life_expectancy, life_satisfaction_index, literacy_rate_adult, literacy_rate_youth, maternal_mortality_ratio, median_age, military_expenditure_percent_gdp, military_expenditure_total, mobile_subscriptions_per100, mortality_rate_under5, nuclear_energy_share, nurses_midwives_per1000, patent_applications_residents, physicians_per1000, pm25_air_pollution, population, poverty_ratio, press_freedom, pupil_teacher_ratio_primary, rd_expenditure_percent_gdp, renewable_electricity_output, renewable_energy_percent, renewable_energy_share_total, rule_of_law, sanitation_access_safe, school_enrollment_primary, school_enrollment_secondary, school_enrollment_tertiary, secure_internet_servers_per_million, share_electricity_renewables, share_using_internet, terrorism_deaths, trade_percent_gdp, unemployment, urbanization, women_in_parliament
      FROM all_data
      WHERE year = ?
      ORDER BY country_code
     | params: [2005] | 26 ms
[2026-07-27T16:29:07.511Z] SQL (all): 
      SELECT country_code, year, access_to_clean_fuels, access_to_electricity, annual_gdp_growth, arable_land_percent, birth_rate, child_mortality, co2_emissions_per_capita, co2_emissions_total, corruption, corruption_perceptions_index, current_account_balance_percent_gdp, death_rate, debt_to_gdp, democracy_index, education_expenditure_percent_gdp, exports_percent_gdp, fdi_net_inflows, female_enrollment_tertiary, female_labor_force_participation, fertility, fixed_broadband_per100, forest_area_percent, gdp, gdp_per_capita, gdp_ppp, gender_inequality, gini, greenhouse_gas_emissions_per_capita, gross_savings_percent_gdp, hdi, health_expenditure_per_capita, health_expenditure_percent_gdp, hightech_exports_percent, homicide_rate, hospital_beds_per1000, human_rights_score, ict_goods_exports_percent, immunization_dpt, immunization_measles, inflation, internet_users_percent, learning_adjusted_years_of_school, life_expectancy, life_satisfaction_index, literacy_rate_adult, literacy_rate_youth, maternal_mortality_ratio, median_age, military_expenditure_percent_gdp, military_expenditure_total, mobile_subscriptions_per100, mortality_rate_under5, nuclear_energy_share, nurses_midwives_per1000, patent_applications_residents, physicians_per1000, pm25_air_pollution, population, poverty_ratio, press_freedom, pupil_teacher_ratio_primary, rd_expenditure_percent_gdp, renewable_electricity_output, renewable_energy_percent, renewable_energy_share_total, rule_of_law, sanitation_access_safe, school_enrollment_primary, school_enrollment_secondary, school_enrollment_tertiary, secure_internet_servers_per_million, share_electricity_renewables, share_using_internet, terrorism_deaths, trade_percent_gdp, unemployment, urbanization, women_in_parliament
      FROM all_data
      WHERE year = ?
      ORDER BY country_code
     | params: [1996] | 69 ms
[2026-07-27T16:29:07.547Z] SQL (all): 
      SELECT country_code, year, access_to_clean_fuels, access_to_electricity, annual_gdp_growth, arable_land_percent, birth_rate, child_mortality, co2_emissions_per_capita, co2_emissions_total, corruption, corruption_perceptions_index, current_account_balance_percent_gdp, death_rate, debt_to_gdp, democracy_index, education_expenditure_percent_gdp, exports_percent_gdp, fdi_net_inflows, female_enrollment_tertiary, female_labor_force_participation, fertility, fixed_broadband_per100, forest_area_percent, gdp, gdp_per_capita, gdp_ppp, gender_inequality, gini, greenhouse_gas_emissions_per_capita, gross_savings_percent_gdp, hdi, health_expenditure_per_capita, health_expenditure_percent_gdp, hightech_exports_percent, homicide_rate, hospital_beds_per1000, human_rights_score, ict_goods_exports_percent, immunization_dpt, immunization_measles, inflation, internet_users_percent, learning_adjusted_years_of_school, life_expectancy, life_satisfaction_index, literacy_rate_adult, literacy_rate_youth, maternal_mortality_ratio, median_age, military_expenditure_percent_gdp, military_expenditure_total, mobile_subscriptions_per100, mortality_rate_under5, nuclear_energy_share, nurses_midwives_per1000, patent_applications_residents, physicians_per1000, pm25_air_pollution, population, poverty_ratio, press_freedom, pupil_teacher_ratio_primary, rd_expenditure_percent_gdp, renewable_electricity_output, renewable_energy_percent, renewable_energy_share_total, rule_of_law, sanitation_access_safe, school_enrollment_primary, school_enrollment_secondary, school_enrollment_tertiary, secure_internet_servers_per_million, share_electricity_renewables, share_using_internet, terrorism_deaths, trade_percent_gdp, unemployment, urbanization, women_in_parliament
      FROM all_data
      WHERE year = ?
      ORDER BY country_code
     | params: [1993] | 60 ms
[2026-07-27T16:29:07.590Z] SQL (all): 
      SELECT country_code, year, access_to_clean_fuels, access_to_electricity, annual_gdp_growth, arable_land_percent, birth_rate, child_mortality, co2_emissions_per_capita, co2_emissions_total, corruption, corruption_perceptions_index, current_account_balance_percent_gdp, death_rate, debt_to_gdp, democracy_index, education_expenditure_percent_gdp, exports_percent_gdp, fdi_net_inflows, female_enrollment_tertiary, female_labor_force_participation, fertility, fixed_broadband_per100, forest_area_percent, gdp, gdp_per_capita, gdp_ppp, gender_inequality, gini, greenhouse_gas_emissions_per_capita, gross_savings_percent_gdp, hdi, health_expenditure_per_capita, health_expenditure_percent_gdp, hightech_exports_percent, homicide_rate, hospital_beds_per1000, human_rights_score, ict_goods_exports_percent, immunization_dpt, immunization_measles, inflation, internet_users_percent, learning_adjusted_years_of_school, life_expectancy, life_satisfaction_index, literacy_rate_adult, literacy_rate_youth, maternal_mortality_ratio, median_age, military_expenditure_percent_gdp, military_expenditure_total, mobile_subscriptions_per100, mortality_rate_under5, nuclear_energy_share, nurses_midwives_per1000, patent_applications_residents, physicians_per1000, pm25_air_pollution, population, poverty_ratio, press_freedom, pupil_teacher_ratio_primary, rd_expenditure_percent_gdp, renewable_electricity_output, renewable_energy_percent, renewable_energy_share_total, rule_of_law, sanitation_access_safe, school_enrollment_primary, school_enrollment_secondary, school_enrollment_tertiary, secure_internet_servers_per_million, share_electricity_renewables, share_using_internet, terrorism_deaths, trade_percent_gdp, unemployment, urbanization, women_in_parliament
      FROM all_data
      WHERE year = ?
      ORDER BY country_code
     | params: [1981] | 60 ms
[2026-07-27T16:29:07.626Z] SQL (all): 
      SELECT country_code, year, access_to_clean_fuels, access_to_electricity, annual_gdp_growth, arable_land_percent, birth_rate, child_mortality, co2_emissions_per_capita, co2_emissions_total, corruption, corruption_perceptions_index, current_account_balance_percent_gdp, death_rate, debt_to_gdp, democracy_index, education_expenditure_percent_gdp, exports_percent_gdp, fdi_net_inflows, female_enrollment_tertiary, female_labor_force_participation, fertility, fixed_broadband_per100, forest_area_percent, gdp, gdp_per_capita, gdp_ppp, gender_inequality, gini, greenhouse_gas_emissions_per_capita, gross_savings_percent_gdp, hdi, health_expenditure_per_capita, health_expenditure_percent_gdp, hightech_exports_percent, homicide_rate, hospital_beds_per1000, human_rights_score, ict_goods_exports_percent, immunization_dpt, immunization_measles, inflation, internet_users_percent, learning_adjusted_years_of_school, life_expectancy, life_satisfaction_index, literacy_rate_adult, literacy_rate_youth, maternal_mortality_ratio, median_age, military_expenditure_percent_gdp, military_expenditure_total, mobile_subscriptions_per100, mortality_rate_under5, nuclear_energy_share, nurses_midwives_per1000, patent_applications_residents, physicians_per1000, pm25_air_pollution, population, poverty_ratio, press_freedom, pupil_teacher_ratio_primary, rd_expenditure_percent_gdp, renewable_electricity_output, renewable_energy_percent, renewable_energy_share_total, rule_of_law, sanitation_access_safe, school_enrollment_primary, school_enrollment_secondary, school_enrollment_tertiary, secure_internet_servers_per_million, share_electricity_renewables, share_using_internet, terrorism_deaths, trade_percent_gdp, unemployment, urbanization, women_in_parliament
      FROM all_data
      WHERE year = ?
      ORDER BY country_code
     | params: [1972] | 63 ms
[2026-07-27T16:29:07.663Z] SQL (all): 
      SELECT country_code, year, access_to_clean_fuels, access_to_electricity, annual_gdp_growth, arable_land_percent, birth_rate, child_mortality, co2_emissions_per_capita, co2_emissions_total, corruption, corruption_perceptions_index, current_account_balance_percent_gdp, death_rate, debt_to_gdp, democracy_index, education_expenditure_percent_gdp, exports_percent_gdp, fdi_net_inflows, female_enrollment_tertiary, female_labor_force_participation, fertility, fixed_broadband_per100, forest_area_percent, gdp, gdp_per_capita, gdp_ppp, gender_inequality, gini, greenhouse_gas_emissions_per_capita, gross_savings_percent_gdp, hdi, health_expenditure_per_capita, health_expenditure_percent_gdp, hightech_exports_percent, homicide_rate, hospital_beds_per1000, human_rights_score, ict_goods_exports_percent, immunization_dpt, immunization_measles, inflation, internet_users_percent, learning_adjusted_years_of_school, life_expectancy, life_satisfaction_index, literacy_rate_adult, literacy_rate_youth, maternal_mortality_ratio, median_age, military_expenditure_percent_gdp, military_expenditure_total, mobile_subscriptions_per100, mortality_rate_under5, nuclear_energy_share, nurses_midwives_per1000, patent_applications_residents, physicians_per1000, pm25_air_pollution, population, poverty_ratio, press_freedom, pupil_teacher_ratio_primary, rd_expenditure_percent_gdp, renewable_electricity_output, renewable_energy_percent, renewable_energy_share_total, rule_of_law, sanitation_access_safe, school_enrollment_primary, school_enrollment_secondary, school_enrollment_tertiary, secure_internet_servers_per_million, share_electricity_renewables, share_using_internet, terrorism_deaths, trade_percent_gdp, unemployment, urbanization, women_in_parliament
      FROM all_data
      WHERE year = ?
      ORDER BY country_code
     | params: [1965] | 19 ms
[2026-07-27T16:29:07.694Z] SQL (all): 
      SELECT country_code, year, access_to_clean_fuels, access_to_electricity, annual_gdp_growth, arable_land_percent, birth_rate, child_mortality, co2_emissions_per_capita, co2_emissions_total, corruption, corruption_perceptions_index, current_account_balance_percent_gdp, death_rate, debt_to_gdp, democracy_index, education_expenditure_percent_gdp, exports_percent_gdp, fdi_net_inflows, female_enrollment_tertiary, female_labor_force_participation, fertility, fixed_broadband_per100, forest_area_percent, gdp, gdp_per_capita, gdp_ppp, gender_inequality, gini, greenhouse_gas_emissions_per_capita, gross_savings_percent_gdp, hdi, health_expenditure_per_capita, health_expenditure_percent_gdp, hightech_exports_percent, homicide_rate, hospital_beds_per1000, human_rights_score, ict_goods_exports_percent, immunization_dpt, immunization_measles, inflation, internet_users_percent, learning_adjusted_years_of_school, life_expectancy, life_satisfaction_index, literacy_rate_adult, literacy_rate_youth, maternal_mortality_ratio, median_age, military_expenditure_percent_gdp, military_expenditure_total, mobile_subscriptions_per100, mortality_rate_under5, nuclear_energy_share, nurses_midwives_per1000, patent_applications_residents, physicians_per1000, pm25_air_pollution, population, poverty_ratio, press_freedom, pupil_teacher_ratio_primary, rd_expenditure_percent_gdp, renewable_electricity_output, renewable_energy_percent, renewable_energy_share_total, rule_of_law, sanitation_access_safe, school_enrollment_primary, school_enrollment_secondary, school_enrollment_tertiary, secure_internet_servers_per_million, share_electricity_renewables, share_using_internet, terrorism_deaths, trade_percent_gdp, unemployment, urbanization, women_in_parliament
      FROM all_data
      WHERE year = ?
      ORDER BY country_code
     | params: [1964] | 50 ms
[2026-07-27T16:29:07.732Z] SQL (all): 
      SELECT country_code, year, access_to_clean_fuels, access_to_electricity, annual_gdp_growth, arable_land_percent, birth_rate, child_mortality, co2_emissions_per_capita, co2_emissions_total, corruption, corruption_perceptions_index, current_account_balance_percent_gdp, death_rate, debt_to_gdp, democracy_index, education_expenditure_percent_gdp, exports_percent_gdp, fdi_net_inflows, female_enrollment_tertiary, female_labor_force_participation, fertility, fixed_broadband_per100, forest_area_percent, gdp, gdp_per_capita, gdp_ppp, gender_inequality, gini, greenhouse_gas_emissions_per_capita, gross_savings_percent_gdp, hdi, health_expenditure_per_capita, health_expenditure_percent_gdp, hightech_exports_percent, homicide_rate, hospital_beds_per1000, human_rights_score, ict_goods_exports_percent, immunization_dpt, immunization_measles, inflation, internet_users_percent, learning_adjusted_years_of_school, life_expectancy, life_satisfaction_index, literacy_rate_adult, literacy_rate_youth, maternal_mortality_ratio, median_age, military_expenditure_percent_gdp, military_expenditure_total, mobile_subscriptions_per100, mortality_rate_under5, nuclear_energy_share, nurses_midwives_per1000, patent_applications_residents, physicians_per1000, pm25_air_pollution, population, poverty_ratio, press_freedom, pupil_teacher_ratio_primary, rd_expenditure_percent_gdp, renewable_electricity_output, renewable_energy_percent, renewable_energy_share_total, rule_of_law, sanitation_access_safe, school_enrollment_primary, school_enrollment_secondary, school_enrollment_tertiary, secure_internet_servers_per_million, share_electricity_renewables, share_using_internet, terrorism_deaths, trade_percent_gdp, unemployment, urbanization, women_in_parliament
      FROM all_data
      WHERE year = ?
      ORDER BY country_code
     | params: [1963] | 21 ms
[2026-07-27T16:29:07.760Z] SQL (all): 
      SELECT country_code, year, access_to_clean_fuels, access_to_electricity, annual_gdp_growth, arable_land_percent, birth_rate, child_mortality, co2_emissions_per_capita, co2_emissions_total, corruption, corruption_perceptions_index, current_account_balance_percent_gdp, death_rate, debt_to_gdp, democracy_index, education_expenditure_percent_gdp, exports_percent_gdp, fdi_net_inflows, female_enrollment_tertiary, female_labor_force_participation, fertility, fixed_broadband_per100, forest_area_percent, gdp, gdp_per_capita, gdp_ppp, gender_inequality, gini, greenhouse_gas_emissions_per_capita, gross_savings_percent_gdp, hdi, health_expenditure_per_capita, health_expenditure_percent_gdp, hightech_exports_percent, homicide_rate, hospital_beds_per1000, human_rights_score, ict_goods_exports_percent, immunization_dpt, immunization_measles, inflation, internet_users_percent, learning_adjusted_years_of_school, life_expectancy, life_satisfaction_index, literacy_rate_adult, literacy_rate_youth, maternal_mortality_ratio, median_age, military_expenditure_percent_gdp, military_expenditure_total, mobile_subscriptions_per100, mortality_rate_under5, nuclear_energy_share, nurses_midwives_per1000, patent_applications_residents, physicians_per1000, pm25_air_pollution, population, poverty_ratio, press_freedom, pupil_teacher_ratio_primary, rd_expenditure_percent_gdp, renewable_electricity_output, renewable_energy_percent, renewable_energy_share_total, rule_of_law, sanitation_access_safe, school_enrollment_primary, school_enrollment_secondary, school_enrollment_tertiary, secure_internet_servers_per_million, share_electricity_renewables, share_using_internet, terrorism_deaths, trade_percent_gdp, unemployment, urbanization, women_in_parliament
      FROM all_data
      WHERE year = ?
      ORDER BY country_code
     | params: [1959] | 49 ms
[2026-07-27T16:29:07.794Z] SQL (all): 
      SELECT country_code, year, access_to_clean_fuels, access_to_electricity, annual_gdp_growth, arable_land_percent, birth_rate, child_mortality, co2_emissions_per_capita, co2_emissions_total, corruption, corruption_perceptions_index, current_account_balance_percent_gdp, death_rate, debt_to_gdp, democracy_index, education_expenditure_percent_gdp, exports_percent_gdp, fdi_net_inflows, female_enrollment_tertiary, female_labor_force_participation, fertility, fixed_broadband_per100, forest_area_percent, gdp, gdp_per_capita, gdp_ppp, gender_inequality, gini, greenhouse_gas_emissions_per_capita, gross_savings_percent_gdp, hdi, health_expenditure_per_capita, health_expenditure_percent_gdp, hightech_exports_percent, homicide_rate, hospital_beds_per1000, human_rights_score, ict_goods_exports_percent, immunization_dpt, immunization_measles, inflation, internet_users_percent, learning_adjusted_years_of_school, life_expectancy, life_satisfaction_index, literacy_rate_adult, literacy_rate_youth, maternal_mortality_ratio, median_age, military_expenditure_percent_gdp, military_expenditure_total, mobile_subscriptions_per100, mortality_rate_under5, nuclear_energy_share, nurses_midwives_per1000, patent_applications_residents, physicians_per1000, pm25_air_pollution, population, poverty_ratio, press_freedom, pupil_teacher_ratio_primary, rd_expenditure_percent_gdp, renewable_electricity_output, renewable_energy_percent, renewable_energy_share_total, rule_of_law, sanitation_access_safe, school_enrollment_primary, school_enrollment_secondary, school_enrollment_tertiary, secure_internet_servers_per_million, share_electricity_renewables, share_using_internet, terrorism_deaths, trade_percent_gdp, unemployment, urbanization, women_in_parliament
      FROM all_data
      WHERE year = ?
      ORDER BY country_code
     | params: [1957] | 20 ms
[2026-07-27T16:29:07.824Z] SQL (all): 
      SELECT country_code, year, access_to_clean_fuels, access_to_electricity, annual_gdp_growth, arable_land_percent, birth_rate, child_mortality, co2_emissions_per_capita, co2_emissions_total, corruption, corruption_perceptions_index, current_account_balance_percent_gdp, death_rate, debt_to_gdp, democracy_index, education_expenditure_percent_gdp, exports_percent_gdp, fdi_net_inflows, female_enrollment_tertiary, female_labor_force_participation, fertility, fixed_broadband_per100, forest_area_percent, gdp, gdp_per_capita, gdp_ppp, gender_inequality, gini, greenhouse_gas_emissions_per_capita, gross_savings_percent_gdp, hdi, health_expenditure_per_capita, health_expenditure_percent_gdp, hightech_exports_percent, homicide_rate, hospital_beds_per1000, human_rights_score, ict_goods_exports_percent, immunization_dpt, immunization_measles, inflation, internet_users_percent, learning_adjusted_years_of_school, life_expectancy, life_satisfaction_index, literacy_rate_adult, literacy_rate_youth, maternal_mortality_ratio, median_age, military_expenditure_percent_gdp, military_expenditure_total, mobile_subscriptions_per100, mortality_rate_under5, nuclear_energy_share, nurses_midwives_per1000, patent_applications_residents, physicians_per1000, pm25_air_pollution, population, poverty_ratio, press_freedom, pupil_teacher_ratio_primary, rd_expenditure_percent_gdp, renewable_electricity_output, renewable_energy_percent, renewable_energy_share_total, rule_of_law, sanitation_access_safe, school_enrollment_primary, school_enrollment_secondary, school_enrollment_tertiary, secure_internet_servers_per_million, share_electricity_renewables, share_using_internet, terrorism_deaths, trade_percent_gdp, unemployment, urbanization, women_in_parliament
      FROM all_data
      WHERE year = ?
      ORDER BY country_code
     | params: [1955] | 50 ms
[2026-07-27T16:29:07.859Z] SQL (all): 
      SELECT country_code, year, access_to_clean_fuels, access_to_electricity, annual_gdp_growth, arable_land_percent, birth_rate, child_mortality, co2_emissions_per_capita, co2_emissions_total, corruption, corruption_perceptions_index, current_account_balance_percent_gdp, death_rate, debt_to_gdp, democracy_index, education_expenditure_percent_gdp, exports_percent_gdp, fdi_net_inflows, female_enrollment_tertiary, female_labor_force_participation, fertility, fixed_broadband_per100, forest_area_percent, gdp, gdp_per_capita, gdp_ppp, gender_inequality, gini, greenhouse_gas_emissions_per_capita, gross_savings_percent_gdp, hdi, health_expenditure_per_capita, health_expenditure_percent_gdp, hightech_exports_percent, homicide_rate, hospital_beds_per1000, human_rights_score, ict_goods_exports_percent, immunization_dpt, immunization_measles, inflation, internet_users_percent, learning_adjusted_years_of_school, life_expectancy, life_satisfaction_index, literacy_rate_adult, literacy_rate_youth, maternal_mortality_ratio, median_age, military_expenditure_percent_gdp, military_expenditure_total, mobile_subscriptions_per100, mortality_rate_under5, nuclear_energy_share, nurses_midwives_per1000, patent_applications_residents, physicians_per1000, pm25_air_pollution, population, poverty_ratio, press_freedom, pupil_teacher_ratio_primary, rd_expenditure_percent_gdp, renewable_electricity_output, renewable_energy_percent, renewable_energy_share_total, rule_of_law, sanitation_access_safe, school_enrollment_primary, school_enrollment_secondary, school_enrollment_tertiary, secure_internet_servers_per_million, share_electricity_renewables, share_using_internet, terrorism_deaths, trade_percent_gdp, unemployment, urbanization, women_in_parliament
      FROM all_data
      WHERE year = ?
      ORDER BY country_code
     | params: [1954] | 21 ms
[2026-07-27T16:29:07.905Z] SQL (all): 
      SELECT country_code, year, access_to_clean_fuels, access_to_electricity, annual_gdp_growth, arable_land_percent, birth_rate, child_mortality, co2_emissions_per_capita, co2_emissions_total, corruption, corruption_perceptions_index, current_account_balance_percent_gdp, death_rate, debt_to_gdp, democracy_index, education_expenditure_percent_gdp, exports_percent_gdp, fdi_net_inflows, female_enrollment_tertiary, female_labor_force_participation, fertility, fixed_broadband_per100, forest_area_percent, gdp, gdp_per_capita, gdp_ppp, gender_inequality, gini, greenhouse_gas_emissions_per_capita, gross_savings_percent_gdp, hdi, health_expenditure_per_capita, health_expenditure_percent_gdp, hightech_exports_percent, homicide_rate, hospital_beds_per1000, human_rights_score, ict_goods_exports_percent, immunization_dpt, immunization_measles, inflation, internet_users_percent, learning_adjusted_years_of_school, life_expectancy, life_satisfaction_index, literacy_rate_adult, literacy_rate_youth, maternal_mortality_ratio, median_age, military_expenditure_percent_gdp, military_expenditure_total, mobile_subscriptions_per100, mortality_rate_under5, nuclear_energy_share, nurses_midwives_per1000, patent_applications_residents, physicians_per1000, pm25_air_pollution, population, poverty_ratio, press_freedom, pupil_teacher_ratio_primary, rd_expenditure_percent_gdp, renewable_electricity_output, renewable_energy_percent, renewable_energy_share_total, rule_of_law, sanitation_access_safe, school_enrollment_primary, school_enrollment_secondary, school_enrollment_tertiary, secure_internet_servers_per_million, share_electricity_renewables, share_using_internet, terrorism_deaths, trade_percent_gdp, unemployment, urbanization, women_in_parliament
      FROM all_data
      WHERE year = ?
      ORDER BY country_code
     | params: [1952] | 21 ms
[2026-07-27T16:29:07.969Z] SQL (all): 
      SELECT country_code, year, access_to_clean_fuels, access_to_electricity, annual_gdp_growth, arable_land_percent, birth_rate, child_mortality, co2_emissions_per_capita, co2_emissions_total, corruption, corruption_perceptions_index, current_account_balance_percent_gdp, death_rate, debt_to_gdp, democracy_index, education_expenditure_percent_gdp, exports_percent_gdp, fdi_net_inflows, female_enrollment_tertiary, female_labor_force_participation, fertility, fixed_broadband_per100, forest_area_percent, gdp, gdp_per_capita, gdp_ppp, gender_inequality, gini, greenhouse_gas_emissions_per_capita, gross_savings_percent_gdp, hdi, health_expenditure_per_capita, health_expenditure_percent_gdp, hightech_exports_percent, homicide_rate, hospital_beds_per1000, human_rights_score, ict_goods_exports_percent, immunization_dpt, immunization_measles, inflation, internet_users_percent, learning_adjusted_years_of_school, life_expectancy, life_satisfaction_index, literacy_rate_adult, literacy_rate_youth, maternal_mortality_ratio, median_age, military_expenditure_percent_gdp, military_expenditure_total, mobile_subscriptions_per100, mortality_rate_under5, nuclear_energy_share, nurses_midwives_per1000, patent_applications_residents, physicians_per1000, pm25_air_pollution, population, poverty_ratio, press_freedom, pupil_teacher_ratio_primary, rd_expenditure_percent_gdp, renewable_electricity_output, renewable_energy_percent, renewable_energy_share_total, rule_of_law, sanitation_access_safe, school_enrollment_primary, school_enrollment_secondary, school_enrollment_tertiary, secure_internet_servers_per_million, share_electricity_renewables, share_using_internet, terrorism_deaths, trade_percent_gdp, unemployment, urbanization, women_in_parliament
      FROM all_data
      WHERE year = ?
      ORDER BY country_code
     | params: [1950] | 23 ms
[2026-07-27T16:29:08.266Z] SQL (all): 
      SELECT country_code, year, access_to_clean_fuels, access_to_electricity, annual_gdp_growth, arable_land_percent, birth_rate, child_mortality, co2_emissions_per_capita, co2_emissions_total, corruption, corruption_perceptions_index, current_account_balance_percent_gdp, death_rate, debt_to_gdp, democracy_index, education_expenditure_percent_gdp, exports_percent_gdp, fdi_net_inflows, female_enrollment_tertiary, female_labor_force_participation, fertility, fixed_broadband_per100, forest_area_percent, gdp, gdp_per_capita, gdp_ppp, gender_inequality, gini, greenhouse_gas_emissions_per_capita, gross_savings_percent_gdp, hdi, health_expenditure_per_capita, health_expenditure_percent_gdp, hightech_exports_percent, homicide_rate, hospital_beds_per1000, human_rights_score, ict_goods_exports_percent, immunization_dpt, immunization_measles, inflation, internet_users_percent, learning_adjusted_years_of_school, life_expectancy, life_satisfaction_index, literacy_rate_adult, literacy_rate_youth, maternal_mortality_ratio, median_age, military_expenditure_percent_gdp, military_expenditure_total, mobile_subscriptions_per100, mortality_rate_under5, nuclear_energy_share, nurses_midwives_per1000, patent_applications_residents, physicians_per1000, pm25_air_pollution, population, poverty_ratio, press_freedom, pupil_teacher_ratio_primary, rd_expenditure_percent_gdp, renewable_electricity_output, renewable_energy_percent, renewable_energy_share_total, rule_of_law, sanitation_access_safe, school_enrollment_primary, school_enrollment_secondary, school_enrollment_tertiary, secure_internet_servers_per_million, share_electricity_renewables, share_using_internet, terrorism_deaths, trade_percent_gdp, unemployment, urbanization, women_in_parliament
      FROM all_data
      WHERE year = ?
      ORDER BY country_code
     | params: [1982] | 22 ms
[2026-07-27T16:29:08.321Z] SQL (all): 
      SELECT country_code, year, access_to_clean_fuels, access_to_electricity, annual_gdp_growth, arable_land_percent, birth_rate, child_mortality, co2_emissions_per_capita, co2_emissions_total, corruption, corruption_perceptions_index, current_account_balance_percent_gdp, death_rate, debt_to_gdp, democracy_index, education_expenditure_percent_gdp, exports_percent_gdp, fdi_net_inflows, female_enrollment_tertiary, female_labor_force_participation, fertility, fixed_broadband_per100, forest_area_percent, gdp, gdp_per_capita, gdp_ppp, gender_inequality, gini, greenhouse_gas_emissions_per_capita, gross_savings_percent_gdp, hdi, health_expenditure_per_capita, health_expenditure_percent_gdp, hightech_exports_percent, homicide_rate, hospital_beds_per1000, human_rights_score, ict_goods_exports_percent, immunization_dpt, immunization_measles, inflation, internet_users_percent, learning_adjusted_years_of_school, life_expectancy, life_satisfaction_index, literacy_rate_adult, literacy_rate_youth, maternal_mortality_ratio, median_age, military_expenditure_percent_gdp, military_expenditure_total, mobile_subscriptions_per100, mortality_rate_under5, nuclear_energy_share, nurses_midwives_per1000, patent_applications_residents, physicians_per1000, pm25_air_pollution, population, poverty_ratio, press_freedom, pupil_teacher_ratio_primary, rd_expenditure_percent_gdp, renewable_electricity_output, renewable_energy_percent, renewable_energy_share_total, rule_of_law, sanitation_access_safe, school_enrollment_primary, school_enrollment_secondary, school_enrollment_tertiary, secure_internet_servers_per_million, share_electricity_renewables, share_using_internet, terrorism_deaths, trade_percent_gdp, unemployment, urbanization, women_in_parliament
      FROM all_data
      WHERE year = ?
      ORDER BY country_code
     | params: [1994] | 74 ms
[2026-07-27T16:29:08.358Z] SQL (all): 
      SELECT country_code, year, access_to_clean_fuels, access_to_electricity, annual_gdp_growth, arable_land_percent, birth_rate, child_mortality, co2_emissions_per_capita, co2_emissions_total, corruption, corruption_perceptions_index, current_account_balance_percent_gdp, death_rate, debt_to_gdp, democracy_index, education_expenditure_percent_gdp, exports_percent_gdp, fdi_net_inflows, female_enrollment_tertiary, female_labor_force_participation, fertility, fixed_broadband_per100, forest_area_percent, gdp, gdp_per_capita, gdp_ppp, gender_inequality, gini, greenhouse_gas_emissions_per_capita, gross_savings_percent_gdp, hdi, health_expenditure_per_capita, health_expenditure_percent_gdp, hightech_exports_percent, homicide_rate, hospital_beds_per1000, human_rights_score, ict_goods_exports_percent, immunization_dpt, immunization_measles, inflation, internet_users_percent, learning_adjusted_years_of_school, life_expectancy, life_satisfaction_index, literacy_rate_adult, literacy_rate_youth, maternal_mortality_ratio, median_age, military_expenditure_percent_gdp, military_expenditure_total, mobile_subscriptions_per100, mortality_rate_under5, nuclear_energy_share, nurses_midwives_per1000, patent_applications_residents, physicians_per1000, pm25_air_pollution, population, poverty_ratio, press_freedom, pupil_teacher_ratio_primary, rd_expenditure_percent_gdp, renewable_electricity_output, renewable_energy_percent, renewable_energy_share_total, rule_of_law, sanitation_access_safe, school_enrollment_primary, school_enrollment_secondary, school_enrollment_tertiary, secure_internet_servers_per_million, share_electricity_renewables, share_using_internet, terrorism_deaths, trade_percent_gdp, unemployment, urbanization, women_in_parliament
      FROM all_data
      WHERE year = ?
      ORDER BY country_code
     | params: [2023] | 73 ms
[2026-07-27T16:29:08.926Z] SQL (all): 
      SELECT country_code, year, access_to_clean_fuels, access_to_electricity, annual_gdp_growth, arable_land_percent, birth_rate, child_mortality, co2_emissions_per_capita, co2_emissions_total, corruption, corruption_perceptions_index, current_account_balance_percent_gdp, death_rate, debt_to_gdp, democracy_index, education_expenditure_percent_gdp, exports_percent_gdp, fdi_net_inflows, female_enrollment_tertiary, female_labor_force_participation, fertility, fixed_broadband_per100, forest_area_percent, gdp, gdp_per_capita, gdp_ppp, gender_inequality, gini, greenhouse_gas_emissions_per_capita, gross_savings_percent_gdp, hdi, health_expenditure_per_capita, health_expenditure_percent_gdp, hightech_exports_percent, homicide_rate, hospital_beds_per1000, human_rights_score, ict_goods_exports_percent, immunization_dpt, immunization_measles, inflation, internet_users_percent, learning_adjusted_years_of_school, life_expectancy, life_satisfaction_index, literacy_rate_adult, literacy_rate_youth, maternal_mortality_ratio, median_age, military_expenditure_percent_gdp, military_expenditure_total, mobile_subscriptions_per100, mortality_rate_under5, nuclear_energy_share, nurses_midwives_per1000, patent_applications_residents, physicians_per1000, pm25_air_pollution, population, poverty_ratio, press_freedom, pupil_teacher_ratio_primary, rd_expenditure_percent_gdp, renewable_electricity_output, renewable_energy_percent, renewable_energy_share_total, rule_of_law, sanitation_access_safe, school_enrollment_primary, school_enrollment_secondary, school_enrollment_tertiary, secure_internet_servers_per_million, share_electricity_renewables, share_using_internet, terrorism_deaths, trade_percent_gdp, unemployment, urbanization, women_in_parliament
      FROM all_data
      WHERE year = ?
      ORDER BY country_code
     | params: [2022] | 25 ms
[2026-07-27T16:29:08.985Z] SQL (all): 
      SELECT country_code, year, access_to_clean_fuels, access_to_electricity, annual_gdp_growth, arable_land_percent, birth_rate, child_mortality, co2_emissions_per_capita, co2_emissions_total, corruption, corruption_perceptions_index, current_account_balance_percent_gdp, death_rate, debt_to_gdp, democracy_index, education_expenditure_percent_gdp, exports_percent_gdp, fdi_net_inflows, female_enrollment_tertiary, female_labor_force_participation, fertility, fixed_broadband_per100, forest_area_percent, gdp, gdp_per_capita, gdp_ppp, gender_inequality, gini, greenhouse_gas_emissions_per_capita, gross_savings_percent_gdp, hdi, health_expenditure_per_capita, health_expenditure_percent_gdp, hightech_exports_percent, homicide_rate, hospital_beds_per1000, human_rights_score, ict_goods_exports_percent, immunization_dpt, immunization_measles, inflation, internet_users_percent, learning_adjusted_years_of_school, life_expectancy, life_satisfaction_index, literacy_rate_adult, literacy_rate_youth, maternal_mortality_ratio, median_age, military_expenditure_percent_gdp, military_expenditure_total, mobile_subscriptions_per100, mortality_rate_under5, nuclear_energy_share, nurses_midwives_per1000, patent_applications_residents, physicians_per1000, pm25_air_pollution, population, poverty_ratio, press_freedom, pupil_teacher_ratio_primary, rd_expenditure_percent_gdp, renewable_electricity_output, renewable_energy_percent, renewable_energy_share_total, rule_of_law, sanitation_access_safe, school_enrollment_primary, school_enrollment_secondary, school_enrollment_tertiary, secure_internet_servers_per_million, share_electricity_renewables, share_using_internet, terrorism_deaths, trade_percent_gdp, unemployment, urbanization, women_in_parliament
      FROM all_data
      WHERE year = ?
      ORDER BY country_code
     | params: [2017] | 38 ms
[2026-07-27T16:29:09.033Z] SQL (all): 
      SELECT country_code, year, access_to_clean_fuels, access_to_electricity, annual_gdp_growth, arable_land_percent, birth_rate, child_mortality, co2_emissions_per_capita, co2_emissions_total, corruption, corruption_perceptions_index, current_account_balance_percent_gdp, death_rate, debt_to_gdp, democracy_index, education_expenditure_percent_gdp, exports_percent_gdp, fdi_net_inflows, female_enrollment_tertiary, female_labor_force_participation, fertility, fixed_broadband_per100, forest_area_percent, gdp, gdp_per_capita, gdp_ppp, gender_inequality, gini, greenhouse_gas_emissions_per_capita, gross_savings_percent_gdp, hdi, health_expenditure_per_capita, health_expenditure_percent_gdp, hightech_exports_percent, homicide_rate, hospital_beds_per1000, human_rights_score, ict_goods_exports_percent, immunization_dpt, immunization_measles, inflation, internet_users_percent, learning_adjusted_years_of_school, life_expectancy, life_satisfaction_index, literacy_rate_adult, literacy_rate_youth, maternal_mortality_ratio, median_age, military_expenditure_percent_gdp, military_expenditure_total, mobile_subscriptions_per100, mortality_rate_under5, nuclear_energy_share, nurses_midwives_per1000, patent_applications_residents, physicians_per1000, pm25_air_pollution, population, poverty_ratio, press_freedom, pupil_teacher_ratio_primary, rd_expenditure_percent_gdp, renewable_electricity_output, renewable_energy_percent, renewable_energy_share_total, rule_of_law, sanitation_access_safe, school_enrollment_primary, school_enrollment_secondary, school_enrollment_tertiary, secure_internet_servers_per_million, share_electricity_renewables, share_using_internet, terrorism_deaths, trade_percent_gdp, unemployment, urbanization, women_in_parliament
      FROM all_data
      WHERE year = ?
      ORDER BY country_code
     | params: [2002] | 69 ms
[2026-07-27T16:29:09.071Z] SQL (all): 
      SELECT country_code, year, access_to_clean_fuels, access_to_electricity, annual_gdp_growth, arable_land_percent, birth_rate, child_mortality, co2_emissions_per_capita, co2_emissions_total, corruption, corruption_perceptions_index, current_account_balance_percent_gdp, death_rate, debt_to_gdp, democracy_index, education_expenditure_percent_gdp, exports_percent_gdp, fdi_net_inflows, female_enrollment_tertiary, female_labor_force_participation, fertility, fixed_broadband_per100, forest_area_percent, gdp, gdp_per_capita, gdp_ppp, gender_inequality, gini, greenhouse_gas_emissions_per_capita, gross_savings_percent_gdp, hdi, health_expenditure_per_capita, health_expenditure_percent_gdp, hightech_exports_percent, homicide_rate, hospital_beds_per1000, human_rights_score, ict_goods_exports_percent, immunization_dpt, immunization_measles, inflation, internet_users_percent, learning_adjusted_years_of_school, life_expectancy, life_satisfaction_index, literacy_rate_adult, literacy_rate_youth, maternal_mortality_ratio, median_age, military_expenditure_percent_gdp, military_expenditure_total, mobile_subscriptions_per100, mortality_rate_under5, nuclear_energy_share, nurses_midwives_per1000, patent_applications_residents, physicians_per1000, pm25_air_pollution, population, poverty_ratio, press_freedom, pupil_teacher_ratio_primary, rd_expenditure_percent_gdp, renewable_electricity_output, renewable_energy_percent, renewable_energy_share_total, rule_of_law, sanitation_access_safe, school_enrollment_primary, school_enrollment_secondary, school_enrollment_tertiary, secure_internet_servers_per_million, share_electricity_renewables, share_using_internet, terrorism_deaths, trade_percent_gdp, unemployment, urbanization, women_in_parliament
      FROM all_data
      WHERE year = ?
      ORDER BY country_code
     | params: [1989] | 57 ms
[2026-07-27T16:29:09.103Z] SQL (all): 
      SELECT country_code, year, access_to_clean_fuels, access_to_electricity, annual_gdp_growth, arable_land_percent, birth_rate, child_mortality, co2_emissions_per_capita, co2_emissions_total, corruption, corruption_perceptions_index, current_account_balance_percent_gdp, death_rate, debt_to_gdp, democracy_index, education_expenditure_percent_gdp, exports_percent_gdp, fdi_net_inflows, female_enrollment_tertiary, female_labor_force_participation, fertility, fixed_broadband_per100, forest_area_percent, gdp, gdp_per_capita, gdp_ppp, gender_inequality, gini, greenhouse_gas_emissions_per_capita, gross_savings_percent_gdp, hdi, health_expenditure_per_capita, health_expenditure_percent_gdp, hightech_exports_percent, homicide_rate, hospital_beds_per1000, human_rights_score, ict_goods_exports_percent, immunization_dpt, immunization_measles, inflation, internet_users_percent, learning_adjusted_years_of_school, life_expectancy, life_satisfaction_index, literacy_rate_adult, literacy_rate_youth, maternal_mortality_ratio, median_age, military_expenditure_percent_gdp, military_expenditure_total, mobile_subscriptions_per100, mortality_rate_under5, nuclear_energy_share, nurses_midwives_per1000, patent_applications_residents, physicians_per1000, pm25_air_pollution, population, poverty_ratio, press_freedom, pupil_teacher_ratio_primary, rd_expenditure_percent_gdp, renewable_electricity_output, renewable_energy_percent, renewable_energy_share_total, rule_of_law, sanitation_access_safe, school_enrollment_primary, school_enrollment_secondary, school_enrollment_tertiary, secure_internet_servers_per_million, share_electricity_renewables, share_using_internet, terrorism_deaths, trade_percent_gdp, unemployment, urbanization, women_in_parliament
      FROM all_data
      WHERE year = ?
      ORDER BY country_code
     | params: [1988] | 55 ms
[2026-07-27T16:29:09.139Z] SQL (all): 
      SELECT country_code, year, access_to_clean_fuels, access_to_electricity, annual_gdp_growth, arable_land_percent, birth_rate, child_mortality, co2_emissions_per_capita, co2_emissions_total, corruption, corruption_perceptions_index, current_account_balance_percent_gdp, death_rate, debt_to_gdp, democracy_index, education_expenditure_percent_gdp, exports_percent_gdp, fdi_net_inflows, female_enrollment_tertiary, female_labor_force_participation, fertility, fixed_broadband_per100, forest_area_percent, gdp, gdp_per_capita, gdp_ppp, gender_inequality, gini, greenhouse_gas_emissions_per_capita, gross_savings_percent_gdp, hdi, health_expenditure_per_capita, health_expenditure_percent_gdp, hightech_exports_percent, homicide_rate, hospital_beds_per1000, human_rights_score, ict_goods_exports_percent, immunization_dpt, immunization_measles, inflation, internet_users_percent, learning_adjusted_years_of_school, life_expectancy, life_satisfaction_index, literacy_rate_adult, literacy_rate_youth, maternal_mortality_ratio, median_age, military_expenditure_percent_gdp, military_expenditure_total, mobile_subscriptions_per100, mortality_rate_under5, nuclear_energy_share, nurses_midwives_per1000, patent_applications_residents, physicians_per1000, pm25_air_pollution, population, poverty_ratio, press_freedom, pupil_teacher_ratio_primary, rd_expenditure_percent_gdp, renewable_electricity_output, renewable_energy_percent, renewable_energy_share_total, rule_of_law, sanitation_access_safe, school_enrollment_primary, school_enrollment_secondary, school_enrollment_tertiary, secure_internet_servers_per_million, share_electricity_renewables, share_using_internet, terrorism_deaths, trade_percent_gdp, unemployment, urbanization, women_in_parliament
      FROM all_data
      WHERE year = ?
      ORDER BY country_code
     | params: [1986] | 89 ms
[2026-07-27T16:29:09.183Z] SQL (all): 
      SELECT country_code, year, access_to_clean_fuels, access_to_electricity, annual_gdp_growth, arable_land_percent, birth_rate, child_mortality, co2_emissions_per_capita, co2_emissions_total, corruption, corruption_perceptions_index, current_account_balance_percent_gdp, death_rate, debt_to_gdp, democracy_index, education_expenditure_percent_gdp, exports_percent_gdp, fdi_net_inflows, female_enrollment_tertiary, female_labor_force_participation, fertility, fixed_broadband_per100, forest_area_percent, gdp, gdp_per_capita, gdp_ppp, gender_inequality, gini, greenhouse_gas_emissions_per_capita, gross_savings_percent_gdp, hdi, health_expenditure_per_capita, health_expenditure_percent_gdp, hightech_exports_percent, homicide_rate, hospital_beds_per1000, human_rights_score, ict_goods_exports_percent, immunization_dpt, immunization_measles, inflation, internet_users_percent, learning_adjusted_years_of_school, life_expectancy, life_satisfaction_index, literacy_rate_adult, literacy_rate_youth, maternal_mortality_ratio, median_age, military_expenditure_percent_gdp, military_expenditure_total, mobile_subscriptions_per100, mortality_rate_under5, nuclear_energy_share, nurses_midwives_per1000, patent_applications_residents, physicians_per1000, pm25_air_pollution, population, poverty_ratio, press_freedom, pupil_teacher_ratio_primary, rd_expenditure_percent_gdp, renewable_electricity_output, renewable_energy_percent, renewable_energy_share_total, rule_of_law, sanitation_access_safe, school_enrollment_primary, school_enrollment_secondary, school_enrollment_tertiary, secure_internet_servers_per_million, share_electricity_renewables, share_using_internet, terrorism_deaths, trade_percent_gdp, unemployment, urbanization, women_in_parliament
      FROM all_data
      WHERE year = ?
      ORDER BY country_code
     | params: [1978] | 67 ms
[2026-07-27T16:29:09.216Z] SQL (all): 
      SELECT country_code, year, access_to_clean_fuels, access_to_electricity, annual_gdp_growth, arable_land_percent, birth_rate, child_mortality, co2_emissions_per_capita, co2_emissions_total, corruption, corruption_perceptions_index, current_account_balance_percent_gdp, death_rate, debt_to_gdp, democracy_index, education_expenditure_percent_gdp, exports_percent_gdp, fdi_net_inflows, female_enrollment_tertiary, female_labor_force_participation, fertility, fixed_broadband_per100, forest_area_percent, gdp, gdp_per_capita, gdp_ppp, gender_inequality, gini, greenhouse_gas_emissions_per_capita, gross_savings_percent_gdp, hdi, health_expenditure_per_capita, health_expenditure_percent_gdp, hightech_exports_percent, homicide_rate, hospital_beds_per1000, human_rights_score, ict_goods_exports_percent, immunization_dpt, immunization_measles, inflation, internet_users_percent, learning_adjusted_years_of_school, life_expectancy, life_satisfaction_index, literacy_rate_adult, literacy_rate_youth, maternal_mortality_ratio, median_age, military_expenditure_percent_gdp, military_expenditure_total, mobile_subscriptions_per100, mortality_rate_under5, nuclear_energy_share, nurses_midwives_per1000, patent_applications_residents, physicians_per1000, pm25_air_pollution, population, poverty_ratio, press_freedom, pupil_teacher_ratio_primary, rd_expenditure_percent_gdp, renewable_electricity_output, renewable_energy_percent, renewable_energy_share_total, rule_of_law, sanitation_access_safe, school_enrollment_primary, school_enrollment_secondary, school_enrollment_tertiary, secure_internet_servers_per_million, share_electricity_renewables, share_using_internet, terrorism_deaths, trade_percent_gdp, unemployment, urbanization, women_in_parliament
      FROM all_data
      WHERE year = ?
      ORDER BY country_code
     | params: [1974] | 53 ms
[2026-07-27T16:29:09.247Z] SQL (all): 
      SELECT country_code, year, access_to_clean_fuels, access_to_electricity, annual_gdp_growth, arable_land_percent, birth_rate, child_mortality, co2_emissions_per_capita, co2_emissions_total, corruption, corruption_perceptions_index, current_account_balance_percent_gdp, death_rate, debt_to_gdp, democracy_index, education_expenditure_percent_gdp, exports_percent_gdp, fdi_net_inflows, female_enrollment_tertiary, female_labor_force_participation, fertility, fixed_broadband_per100, forest_area_percent, gdp, gdp_per_capita, gdp_ppp, gender_inequality, gini, greenhouse_gas_emissions_per_capita, gross_savings_percent_gdp, hdi, health_expenditure_per_capita, health_expenditure_percent_gdp, hightech_exports_percent, homicide_rate, hospital_beds_per1000, human_rights_score, ict_goods_exports_percent, immunization_dpt, immunization_measles, inflation, internet_users_percent, learning_adjusted_years_of_school, life_expectancy, life_satisfaction_index, literacy_rate_adult, literacy_rate_youth, maternal_mortality_ratio, median_age, military_expenditure_percent_gdp, military_expenditure_total, mobile_subscriptions_per100, mortality_rate_under5, nuclear_energy_share, nurses_midwives_per1000, patent_applications_residents, physicians_per1000, pm25_air_pollution, population, poverty_ratio, press_freedom, pupil_teacher_ratio_primary, rd_expenditure_percent_gdp, renewable_electricity_output, renewable_energy_percent, renewable_energy_share_total, rule_of_law, sanitation_access_safe, school_enrollment_primary, school_enrollment_secondary, school_enrollment_tertiary, secure_internet_servers_per_million, share_electricity_renewables, share_using_internet, terrorism_deaths, trade_percent_gdp, unemployment, urbanization, women_in_parliament
      FROM all_data
      WHERE year = ?
      ORDER BY country_code
     | params: [1973] | 84 ms
[2026-07-27T16:29:09.276Z] SQL (all): 
      SELECT country_code, year, access_to_clean_fuels, access_to_electricity, annual_gdp_growth, arable_land_percent, birth_rate, child_mortality, co2_emissions_per_capita, co2_emissions_total, corruption, corruption_perceptions_index, current_account_balance_percent_gdp, death_rate, debt_to_gdp, democracy_index, education_expenditure_percent_gdp, exports_percent_gdp, fdi_net_inflows, female_enrollment_tertiary, female_labor_force_participation, fertility, fixed_broadband_per100, forest_area_percent, gdp, gdp_per_capita, gdp_ppp, gender_inequality, gini, greenhouse_gas_emissions_per_capita, gross_savings_percent_gdp, hdi, health_expenditure_per_capita, health_expenditure_percent_gdp, hightech_exports_percent, homicide_rate, hospital_beds_per1000, human_rights_score, ict_goods_exports_percent, immunization_dpt, immunization_measles, inflation, internet_users_percent, learning_adjusted_years_of_school, life_expectancy, life_satisfaction_index, literacy_rate_adult, literacy_rate_youth, maternal_mortality_ratio, median_age, military_expenditure_percent_gdp, military_expenditure_total, mobile_subscriptions_per100, mortality_rate_under5, nuclear_energy_share, nurses_midwives_per1000, patent_applications_residents, physicians_per1000, pm25_air_pollution, population, poverty_ratio, press_freedom, pupil_teacher_ratio_primary, rd_expenditure_percent_gdp, renewable_electricity_output, renewable_energy_percent, renewable_energy_share_total, rule_of_law, sanitation_access_safe, school_enrollment_primary, school_enrollment_secondary, school_enrollment_tertiary, secure_internet_servers_per_million, share_electricity_renewables, share_using_internet, terrorism_deaths, trade_percent_gdp, unemployment, urbanization, women_in_parliament
      FROM all_data
      WHERE year = ?
      ORDER BY country_code
     | params: [1971] | 112 ms
[2026-07-27T16:29:09.309Z] SQL (all): 
      SELECT country_code, year, access_to_clean_fuels, access_to_electricity, annual_gdp_growth, arable_land_percent, birth_rate, child_mortality, co2_emissions_per_capita, co2_emissions_total, corruption, corruption_perceptions_index, current_account_balance_percent_gdp, death_rate, debt_to_gdp, democracy_index, education_expenditure_percent_gdp, exports_percent_gdp, fdi_net_inflows, female_enrollment_tertiary, female_labor_force_participation, fertility, fixed_broadband_per100, forest_area_percent, gdp, gdp_per_capita, gdp_ppp, gender_inequality, gini, greenhouse_gas_emissions_per_capita, gross_savings_percent_gdp, hdi, health_expenditure_per_capita, health_expenditure_percent_gdp, hightech_exports_percent, homicide_rate, hospital_beds_per1000, human_rights_score, ict_goods_exports_percent, immunization_dpt, immunization_measles, inflation, internet_users_percent, learning_adjusted_years_of_school, life_expectancy, life_satisfaction_index, literacy_rate_adult, literacy_rate_youth, maternal_mortality_ratio, median_age, military_expenditure_percent_gdp, military_expenditure_total, mobile_subscriptions_per100, mortality_rate_under5, nuclear_energy_share, nurses_midwives_per1000, patent_applications_residents, physicians_per1000, pm25_air_pollution, population, poverty_ratio, press_freedom, pupil_teacher_ratio_primary, rd_expenditure_percent_gdp, renewable_electricity_output, renewable_energy_percent, renewable_energy_share_total, rule_of_law, sanitation_access_safe, school_enrollment_primary, school_enrollment_secondary, school_enrollment_tertiary, secure_internet_servers_per_million, share_electricity_renewables, share_using_internet, terrorism_deaths, trade_percent_gdp, unemployment, urbanization, women_in_parliament
      FROM all_data
      WHERE year = ?
      ORDER BY country_code
     | params: [1968] | 19 ms
[2026-07-27T16:29:09.348Z] SQL (all): 
      SELECT country_code, year, access_to_clean_fuels, access_to_electricity, annual_gdp_growth, arable_land_percent, birth_rate, child_mortality, co2_emissions_per_capita, co2_emissions_total, corruption, corruption_perceptions_index, current_account_balance_percent_gdp, death_rate, debt_to_gdp, democracy_index, education_expenditure_percent_gdp, exports_percent_gdp, fdi_net_inflows, female_enrollment_tertiary, female_labor_force_participation, fertility, fixed_broadband_per100, forest_area_percent, gdp, gdp_per_capita, gdp_ppp, gender_inequality, gini, greenhouse_gas_emissions_per_capita, gross_savings_percent_gdp, hdi, health_expenditure_per_capita, health_expenditure_percent_gdp, hightech_exports_percent, homicide_rate, hospital_beds_per1000, human_rights_score, ict_goods_exports_percent, immunization_dpt, immunization_measles, inflation, internet_users_percent, learning_adjusted_years_of_school, life_expectancy, life_satisfaction_index, literacy_rate_adult, literacy_rate_youth, maternal_mortality_ratio, median_age, military_expenditure_percent_gdp, military_expenditure_total, mobile_subscriptions_per100, mortality_rate_under5, nuclear_energy_share, nurses_midwives_per1000, patent_applications_residents, physicians_per1000, pm25_air_pollution, population, poverty_ratio, press_freedom, pupil_teacher_ratio_primary, rd_expenditure_percent_gdp, renewable_electricity_output, renewable_energy_percent, renewable_energy_share_total, rule_of_law, sanitation_access_safe, school_enrollment_primary, school_enrollment_secondary, school_enrollment_tertiary, secure_internet_servers_per_million, share_electricity_renewables, share_using_internet, terrorism_deaths, trade_percent_gdp, unemployment, urbanization, women_in_parliament
      FROM all_data
      WHERE year = ?
      ORDER BY country_code
     | params: [1966] | 57 ms
[2026-07-27T16:29:09.499Z] SQL (all): 
      SELECT country_code, year, access_to_clean_fuels, access_to_electricity, annual_gdp_growth, arable_land_percent, birth_rate, child_mortality, co2_emissions_per_capita, co2_emissions_total, corruption, corruption_perceptions_index, current_account_balance_percent_gdp, death_rate, debt_to_gdp, democracy_index, education_expenditure_percent_gdp, exports_percent_gdp, fdi_net_inflows, female_enrollment_tertiary, female_labor_force_participation, fertility, fixed_broadband_per100, forest_area_percent, gdp, gdp_per_capita, gdp_ppp, gender_inequality, gini, greenhouse_gas_emissions_per_capita, gross_savings_percent_gdp, hdi, health_expenditure_per_capita, health_expenditure_percent_gdp, hightech_exports_percent, homicide_rate, hospital_beds_per1000, human_rights_score, ict_goods_exports_percent, immunization_dpt, immunization_measles, inflation, internet_users_percent, learning_adjusted_years_of_school, life_expectancy, life_satisfaction_index, literacy_rate_adult, literacy_rate_youth, maternal_mortality_ratio, median_age, military_expenditure_percent_gdp, military_expenditure_total, mobile_subscriptions_per100, mortality_rate_under5, nuclear_energy_share, nurses_midwives_per1000, patent_applications_residents, physicians_per1000, pm25_air_pollution, population, poverty_ratio, press_freedom, pupil_teacher_ratio_primary, rd_expenditure_percent_gdp, renewable_electricity_output, renewable_energy_percent, renewable_energy_share_total, rule_of_law, sanitation_access_safe, school_enrollment_primary, school_enrollment_secondary, school_enrollment_tertiary, secure_internet_servers_per_million, share_electricity_renewables, share_using_internet, terrorism_deaths, trade_percent_gdp, unemployment, urbanization, women_in_parliament
      FROM all_data
      WHERE year = ?
      ORDER BY country_code
     | params: [1985] | 26 ms
[2026-07-27T16:29:09.534Z] SQL (all): 
      SELECT country_code, year, access_to_clean_fuels, access_to_electricity, annual_gdp_growth, arable_land_percent, birth_rate, child_mortality, co2_emissions_per_capita, co2_emissions_total, corruption, corruption_perceptions_index, current_account_balance_percent_gdp, death_rate, debt_to_gdp, democracy_index, education_expenditure_percent_gdp, exports_percent_gdp, fdi_net_inflows, female_enrollment_tertiary, female_labor_force_participation, fertility, fixed_broadband_per100, forest_area_percent, gdp, gdp_per_capita, gdp_ppp, gender_inequality, gini, greenhouse_gas_emissions_per_capita, gross_savings_percent_gdp, hdi, health_expenditure_per_capita, health_expenditure_percent_gdp, hightech_exports_percent, homicide_rate, hospital_beds_per1000, human_rights_score, ict_goods_exports_percent, immunization_dpt, immunization_measles, inflation, internet_users_percent, learning_adjusted_years_of_school, life_expectancy, life_satisfaction_index, literacy_rate_adult, literacy_rate_youth, maternal_mortality_ratio, median_age, military_expenditure_percent_gdp, military_expenditure_total, mobile_subscriptions_per100, mortality_rate_under5, nuclear_energy_share, nurses_midwives_per1000, patent_applications_residents, physicians_per1000, pm25_air_pollution, population, poverty_ratio, press_freedom, pupil_teacher_ratio_primary, rd_expenditure_percent_gdp, renewable_electricity_output, renewable_energy_percent, renewable_energy_share_total, rule_of_law, sanitation_access_safe, school_enrollment_primary, school_enrollment_secondary, school_enrollment_tertiary, secure_internet_servers_per_million, share_electricity_renewables, share_using_internet, terrorism_deaths, trade_percent_gdp, unemployment, urbanization, women_in_parliament
      FROM all_data
      WHERE year = ?
      ORDER BY country_code
     | params: [1991] | 58 ms
[2026-07-27T16:29:16.331Z] SQL (get): 
      SELECT MIN(year) as min_year, MAX(year) as max_year
      FROM all_data
      WHERE year IS NOT NULL
        AND women_in_parliament IS NOT NULL
     | 33 ms
[2026-07-27T16:29:16.394Z] SQL (get): 
      SELECT MIN(women_in_parliament) as min_value, MAX(women_in_parliament) as max_value
      FROM all_data
      WHERE women_in_parliament IS NOT NULL
     | 40 ms
[2026-07-27T16:29:26.543Z] SQL (get): 
      SELECT MIN(year) as min_year, MAX(year) as max_year
      FROM all_data
      WHERE year IS NOT NULL
        AND female_labor_force_participation IS NOT NULL
     | 22 ms
[2026-07-27T16:29:26.569Z] SQL (get): 
      SELECT MIN(female_labor_force_participation) as min_value, MAX(female_labor_force_participation) as max_value
      FROM all_data
      WHERE female_labor_force_participation IS NOT NULL
     | 21 ms
[2026-07-27T16:29:41.545Z] SQL (all): 
      SELECT country_code, year, democracy_index as x_value, corruption as y_value, population as s_value
      FROM all_data
      WHERE democracy_index IS NOT NULL AND corruption IS NOT NULL AND population IS NOT NULL
      ORDER BY year, country_code
     | 75 ms
[2026-07-27T16:30:21.264Z] SQL (get): 
        SELECT MIN(year) as min_year, MAX(year) as max_year
        FROM all_data
        WHERE year IS NOT NULL
          AND (democracy_index IS NOT NULL OR corruption IS NOT NULL OR corruption_perceptions_index IS NOT NULL OR press_freedom IS NOT NULL OR rule_of_law IS NOT NULL OR human_rights_score IS NOT NULL OR gdp IS NOT NULL OR annual_gdp_growth IS NOT NULL OR gdp_per_capita IS NOT NULL OR gdp_ppp IS NOT NULL OR debt_to_gdp IS NOT NULL OR inflation IS NOT NULL OR unemployment IS NOT NULL OR gini IS NOT NULL OR fdi_net_inflows IS NOT NULL OR trade_percent_gdp IS NOT NULL OR exports_percent_gdp IS NOT NULL OR gross_savings_percent_gdp IS NOT NULL OR current_account_balance_percent_gdp IS NOT NULL OR internet_users_percent IS NOT NULL OR share_using_internet IS NOT NULL OR mobile_subscriptions_per100 IS NOT NULL OR fixed_broadband_per100 IS NOT NULL OR rd_expenditure_percent_gdp IS NOT NULL OR patent_applications_residents IS NOT NULL OR hightech_exports_percent IS NOT NULL OR ict_goods_exports_percent IS NOT NULL OR secure_internet_servers_per_million IS NOT NULL OR education_expenditure_percent_gdp IS NOT NULL OR literacy_rate_adult IS NOT NULL OR literacy_rate_youth IS NOT NULL OR school_enrollment_primary IS NOT NULL OR school_enrollment_secondary IS NOT NULL OR school_enrollment_tertiary IS NOT NULL OR pupil_teacher_ratio_primary IS NOT NULL OR learning_adjusted_years_of_school IS NOT NULL OR life_expectancy IS NOT NULL OR hospital_beds_per1000 IS NOT NULL OR physicians_per1000 IS NOT NULL OR nurses_midwives_per1000 IS NOT NULL OR health_expenditure_percent_gdp IS NOT NULL OR health_expenditure_per_capita IS NOT NULL OR immunization_measles IS NOT NULL OR immunization_dpt IS NOT NULL OR mortality_rate_under5 IS NOT NULL OR child_mortality IS NOT NULL OR maternal_mortality_ratio IS NOT NULL OR birth_rate IS NOT NULL OR death_rate IS NOT NULL OR co2_emissions_per_capita IS NOT NULL OR co2_emissions_total IS NOT NULL OR greenhouse_gas_emissions_per_capita IS NOT NULL OR forest_area_percent IS NOT NULL OR renewable_energy_percent IS NOT NULL OR renewable_electricity_output IS NOT NULL OR renewable_energy_share_total IS NOT NULL OR share_electricity_renewables IS NOT NULL OR nuclear_energy_share IS NOT NULL OR access_to_electricity IS NOT NULL OR pm25_air_pollution IS NOT NULL OR arable_land_percent IS NOT NULL OR access_to_clean_fuels IS NOT NULL OR population IS NOT NULL OR fertility IS NOT NULL OR median_age IS NOT NULL OR urbanization IS NOT NULL OR hdi IS NOT NULL OR life_satisfaction_index IS NOT NULL OR poverty_ratio IS NOT NULL OR homicide_rate IS NOT NULL OR military_expenditure_percent_gdp IS NOT NULL OR military_expenditure_total IS NOT NULL OR terrorism_deaths IS NOT NULL OR gender_inequality IS NOT NULL OR female_labor_force_participation IS NOT NULL OR women_in_parliament IS NOT NULL OR female_enrollment_tertiary IS NOT NULL OR sanitation_access_safe IS NOT NULL)
       | 41 ms
[2026-07-27T16:31:42.288Z] SQL (get): 
      SELECT MIN(year) as min_year, MAX(year) as max_year
      FROM all_data
      WHERE year IS NOT NULL
        AND press_freedom IS NOT NULL
     | 37 ms
[2026-07-27T16:31:42.327Z] SQL (get): 
      SELECT MIN(press_freedom) as min_value, MAX(press_freedom) as max_value
      FROM all_data
      WHERE press_freedom IS NOT NULL
     | 32 ms
[2026-07-27T16:32:39.072Z] SQL (get): 
      SELECT MIN(year) as min_year, MAX(year) as max_year
      FROM all_data
      WHERE year IS NOT NULL
        AND co2_emissions_per_capita IS NOT NULL
     | 20 ms
[2026-07-27T16:32:39.097Z] SQL (get): 
      SELECT MIN(co2_emissions_per_capita) as min_value, MAX(co2_emissions_per_capita) as max_value
      FROM all_data
      WHERE co2_emissions_per_capita IS NOT NULL
     | 20 ms
[2026-07-27T16:32:39.133Z] SQL (all): 
      SELECT country_code, year, access_to_clean_fuels, access_to_electricity, annual_gdp_growth, arable_land_percent, birth_rate, child_mortality, co2_emissions_per_capita, co2_emissions_total, corruption, corruption_perceptions_index, current_account_balance_percent_gdp, death_rate, debt_to_gdp, democracy_index, education_expenditure_percent_gdp, exports_percent_gdp, fdi_net_inflows, female_enrollment_tertiary, female_labor_force_participation, fertility, fixed_broadband_per100, forest_area_percent, gdp, gdp_per_capita, gdp_ppp, gender_inequality, gini, greenhouse_gas_emissions_per_capita, gross_savings_percent_gdp, hdi, health_expenditure_per_capita, health_expenditure_percent_gdp, hightech_exports_percent, homicide_rate, hospital_beds_per1000, human_rights_score, ict_goods_exports_percent, immunization_dpt, immunization_measles, inflation, internet_users_percent, learning_adjusted_years_of_school, life_expectancy, life_satisfaction_index, literacy_rate_adult, literacy_rate_youth, maternal_mortality_ratio, median_age, military_expenditure_percent_gdp, military_expenditure_total, mobile_subscriptions_per100, mortality_rate_under5, nuclear_energy_share, nurses_midwives_per1000, patent_applications_residents, physicians_per1000, pm25_air_pollution, population, poverty_ratio, press_freedom, pupil_teacher_ratio_primary, rd_expenditure_percent_gdp, renewable_electricity_output, renewable_energy_percent, renewable_energy_share_total, rule_of_law, sanitation_access_safe, school_enrollment_primary, school_enrollment_secondary, school_enrollment_tertiary, secure_internet_servers_per_million, share_electricity_renewables, share_using_internet, terrorism_deaths, trade_percent_gdp, unemployment, urbanization, women_in_parliament
      FROM all_data
      WHERE year = ?
      ORDER BY country_code
     | params: [2024] | 20 ms
[2026-07-27T16:32:47.540Z] SQL (get): 
      SELECT MIN(year) as min_year, MAX(year) as max_year
      FROM all_data
      WHERE year IS NOT NULL
        AND mortality_rate_under5 IS NOT NULL
     | 33 ms
[2026-07-27T16:32:47.574Z] SQL (get): 
      SELECT MIN(mortality_rate_under5) as min_value, MAX(mortality_rate_under5) as max_value
      FROM all_data
      WHERE mortality_rate_under5 IS NOT NULL
     | 28 ms
[2026-07-27T16:33:17.259Z] SQL (all): 
      SELECT country_code, year, access_to_clean_fuels, access_to_electricity, annual_gdp_growth, arable_land_percent, birth_rate, child_mortality, co2_emissions_per_capita, co2_emissions_total, corruption, corruption_perceptions_index, current_account_balance_percent_gdp, death_rate, debt_to_gdp, democracy_index, education_expenditure_percent_gdp, exports_percent_gdp, fdi_net_inflows, female_enrollment_tertiary, female_labor_force_participation, fertility, fixed_broadband_per100, forest_area_percent, gdp, gdp_per_capita, gdp_ppp, gender_inequality, gini, greenhouse_gas_emissions_per_capita, gross_savings_percent_gdp, hdi, health_expenditure_per_capita, health_expenditure_percent_gdp, hightech_exports_percent, homicide_rate, hospital_beds_per1000, human_rights_score, ict_goods_exports_percent, immunization_dpt, immunization_measles, inflation, internet_users_percent, learning_adjusted_years_of_school, life_expectancy, life_satisfaction_index, literacy_rate_adult, literacy_rate_youth, maternal_mortality_ratio, median_age, military_expenditure_percent_gdp, military_expenditure_total, mobile_subscriptions_per100, mortality_rate_under5, nuclear_energy_share, nurses_midwives_per1000, patent_applications_residents, physicians_per1000, pm25_air_pollution, population, poverty_ratio, press_freedom, pupil_teacher_ratio_primary, rd_expenditure_percent_gdp, renewable_electricity_output, renewable_energy_percent, renewable_energy_share_total, rule_of_law, sanitation_access_safe, school_enrollment_primary, school_enrollment_secondary, school_enrollment_tertiary, secure_internet_servers_per_million, share_electricity_renewables, share_using_internet, terrorism_deaths, trade_percent_gdp, unemployment, urbanization, women_in_parliament
      FROM all_data
      WHERE year = ?
      ORDER BY country_code
     | params: [2015] | 32 ms
[2026-07-27T16:33:17.298Z] SQL (all): 
      SELECT country_code, year, access_to_clean_fuels, access_to_electricity, annual_gdp_growth, arable_land_percent, birth_rate, child_mortality, co2_emissions_per_capita, co2_emissions_total, corruption, corruption_perceptions_index, current_account_balance_percent_gdp, death_rate, debt_to_gdp, democracy_index, education_expenditure_percent_gdp, exports_percent_gdp, fdi_net_inflows, female_enrollment_tertiary, female_labor_force_participation, fertility, fixed_broadband_per100, forest_area_percent, gdp, gdp_per_capita, gdp_ppp, gender_inequality, gini, greenhouse_gas_emissions_per_capita, gross_savings_percent_gdp, hdi, health_expenditure_per_capita, health_expenditure_percent_gdp, hightech_exports_percent, homicide_rate, hospital_beds_per1000, human_rights_score, ict_goods_exports_percent, immunization_dpt, immunization_measles, inflation, internet_users_percent, learning_adjusted_years_of_school, life_expectancy, life_satisfaction_index, literacy_rate_adult, literacy_rate_youth, maternal_mortality_ratio, median_age, military_expenditure_percent_gdp, military_expenditure_total, mobile_subscriptions_per100, mortality_rate_under5, nuclear_energy_share, nurses_midwives_per1000, patent_applications_residents, physicians_per1000, pm25_air_pollution, population, poverty_ratio, press_freedom, pupil_teacher_ratio_primary, rd_expenditure_percent_gdp, renewable_electricity_output, renewable_energy_percent, renewable_energy_share_total, rule_of_law, sanitation_access_safe, school_enrollment_primary, school_enrollment_secondary, school_enrollment_tertiary, secure_internet_servers_per_million, share_electricity_renewables, share_using_internet, terrorism_deaths, trade_percent_gdp, unemployment, urbanization, women_in_parliament
      FROM all_data
      WHERE year = ?
      ORDER BY country_code
     | params: [2001] | 22 ms
[2026-07-27T16:33:18.047Z] SQL (all): 
      SELECT country_code, year, access_to_clean_fuels, access_to_electricity, annual_gdp_growth, arable_land_percent, birth_rate, child_mortality, co2_emissions_per_capita, co2_emissions_total, corruption, corruption_perceptions_index, current_account_balance_percent_gdp, death_rate, debt_to_gdp, democracy_index, education_expenditure_percent_gdp, exports_percent_gdp, fdi_net_inflows, female_enrollment_tertiary, female_labor_force_participation, fertility, fixed_broadband_per100, forest_area_percent, gdp, gdp_per_capita, gdp_ppp, gender_inequality, gini, greenhouse_gas_emissions_per_capita, gross_savings_percent_gdp, hdi, health_expenditure_per_capita, health_expenditure_percent_gdp, hightech_exports_percent, homicide_rate, hospital_beds_per1000, human_rights_score, ict_goods_exports_percent, immunization_dpt, immunization_measles, inflation, internet_users_percent, learning_adjusted_years_of_school, life_expectancy, life_satisfaction_index, literacy_rate_adult, literacy_rate_youth, maternal_mortality_ratio, median_age, military_expenditure_percent_gdp, military_expenditure_total, mobile_subscriptions_per100, mortality_rate_under5, nuclear_energy_share, nurses_midwives_per1000, patent_applications_residents, physicians_per1000, pm25_air_pollution, population, poverty_ratio, press_freedom, pupil_teacher_ratio_primary, rd_expenditure_percent_gdp, renewable_electricity_output, renewable_energy_percent, renewable_energy_share_total, rule_of_law, sanitation_access_safe, school_enrollment_primary, school_enrollment_secondary, school_enrollment_tertiary, secure_internet_servers_per_million, share_electricity_renewables, share_using_internet, terrorism_deaths, trade_percent_gdp, unemployment, urbanization, women_in_parliament
      FROM all_data
      WHERE year = ?
      ORDER BY country_code
     | params: [1866] | 24 ms
[2026-07-27T16:33:18.150Z] SQL (all): 
      SELECT country_code, year, access_to_clean_fuels, access_to_electricity, annual_gdp_growth, arable_land_percent, birth_rate, child_mortality, co2_emissions_per_capita, co2_emissions_total, corruption, corruption_perceptions_index, current_account_balance_percent_gdp, death_rate, debt_to_gdp, democracy_index, education_expenditure_percent_gdp, exports_percent_gdp, fdi_net_inflows, female_enrollment_tertiary, female_labor_force_participation, fertility, fixed_broadband_per100, forest_area_percent, gdp, gdp_per_capita, gdp_ppp, gender_inequality, gini, greenhouse_gas_emissions_per_capita, gross_savings_percent_gdp, hdi, health_expenditure_per_capita, health_expenditure_percent_gdp, hightech_exports_percent, homicide_rate, hospital_beds_per1000, human_rights_score, ict_goods_exports_percent, immunization_dpt, immunization_measles, inflation, internet_users_percent, learning_adjusted_years_of_school, life_expectancy, life_satisfaction_index, literacy_rate_adult, literacy_rate_youth, maternal_mortality_ratio, median_age, military_expenditure_percent_gdp, military_expenditure_total, mobile_subscriptions_per100, mortality_rate_under5, nuclear_energy_share, nurses_midwives_per1000, patent_applications_residents, physicians_per1000, pm25_air_pollution, population, poverty_ratio, press_freedom, pupil_teacher_ratio_primary, rd_expenditure_percent_gdp, renewable_electricity_output, renewable_energy_percent, renewable_energy_share_total, rule_of_law, sanitation_access_safe, school_enrollment_primary, school_enrollment_secondary, school_enrollment_tertiary, secure_internet_servers_per_million, share_electricity_renewables, share_using_internet, terrorism_deaths, trade_percent_gdp, unemployment, urbanization, women_in_parliament
      FROM all_data
      WHERE year = ?
      ORDER BY country_code
     | params: [1857] | 25 ms
[2026-07-27T16:33:19.601Z] SQL (all): 
      SELECT country_code, year, access_to_clean_fuels, access_to_electricity, annual_gdp_growth, arable_land_percent, birth_rate, child_mortality, co2_emissions_per_capita, co2_emissions_total, corruption, corruption_perceptions_index, current_account_balance_percent_gdp, death_rate, debt_to_gdp, democracy_index, education_expenditure_percent_gdp, exports_percent_gdp, fdi_net_inflows, female_enrollment_tertiary, female_labor_force_participation, fertility, fixed_broadband_per100, forest_area_percent, gdp, gdp_per_capita, gdp_ppp, gender_inequality, gini, greenhouse_gas_emissions_per_capita, gross_savings_percent_gdp, hdi, health_expenditure_per_capita, health_expenditure_percent_gdp, hightech_exports_percent, homicide_rate, hospital_beds_per1000, human_rights_score, ict_goods_exports_percent, immunization_dpt, immunization_measles, inflation, internet_users_percent, learning_adjusted_years_of_school, life_expectancy, life_satisfaction_index, literacy_rate_adult, literacy_rate_youth, maternal_mortality_ratio, median_age, military_expenditure_percent_gdp, military_expenditure_total, mobile_subscriptions_per100, mortality_rate_under5, nuclear_energy_share, nurses_midwives_per1000, patent_applications_residents, physicians_per1000, pm25_air_pollution, population, poverty_ratio, press_freedom, pupil_teacher_ratio_primary, rd_expenditure_percent_gdp, renewable_electricity_output, renewable_energy_percent, renewable_energy_share_total, rule_of_law, sanitation_access_safe, school_enrollment_primary, school_enrollment_secondary, school_enrollment_tertiary, secure_internet_servers_per_million, share_electricity_renewables, share_using_internet, terrorism_deaths, trade_percent_gdp, unemployment, urbanization, women_in_parliament
      FROM all_data
      WHERE year = ?
      ORDER BY country_code
     | params: [1770] | 2 ms
[2026-07-27T16:33:30.135Z] SQL (all): 
      SELECT country_code, year, access_to_clean_fuels, access_to_electricity, annual_gdp_growth, arable_land_percent, birth_rate, child_mortality, co2_emissions_per_capita, co2_emissions_total, corruption, corruption_perceptions_index, current_account_balance_percent_gdp, death_rate, debt_to_gdp, democracy_index, education_expenditure_percent_gdp, exports_percent_gdp, fdi_net_inflows, female_enrollment_tertiary, female_labor_force_participation, fertility, fixed_broadband_per100, forest_area_percent, gdp, gdp_per_capita, gdp_ppp, gender_inequality, gini, greenhouse_gas_emissions_per_capita, gross_savings_percent_gdp, hdi, health_expenditure_per_capita, health_expenditure_percent_gdp, hightech_exports_percent, homicide_rate, hospital_beds_per1000, human_rights_score, ict_goods_exports_percent, immunization_dpt, immunization_measles, inflation, internet_users_percent, learning_adjusted_years_of_school, life_expectancy, life_satisfaction_index, literacy_rate_adult, literacy_rate_youth, maternal_mortality_ratio, median_age, military_expenditure_percent_gdp, military_expenditure_total, mobile_subscriptions_per100, mortality_rate_under5, nuclear_energy_share, nurses_midwives_per1000, patent_applications_residents, physicians_per1000, pm25_air_pollution, population, poverty_ratio, press_freedom, pupil_teacher_ratio_primary, rd_expenditure_percent_gdp, renewable_electricity_output, renewable_energy_percent, renewable_energy_share_total, rule_of_law, sanitation_access_safe, school_enrollment_primary, school_enrollment_secondary, school_enrollment_tertiary, secure_internet_servers_per_million, share_electricity_renewables, share_using_internet, terrorism_deaths, trade_percent_gdp, unemployment, urbanization, women_in_parliament
      FROM all_data
      WHERE year = ?
      ORDER BY country_code
     | params: [1830] | 19 ms
[2026-07-27T16:33:31.271Z] SQL (all): 
      SELECT country_code, year, access_to_clean_fuels, access_to_electricity, annual_gdp_growth, arable_land_percent, birth_rate, child_mortality, co2_emissions_per_capita, co2_emissions_total, corruption, corruption_perceptions_index, current_account_balance_percent_gdp, death_rate, debt_to_gdp, democracy_index, education_expenditure_percent_gdp, exports_percent_gdp, fdi_net_inflows, female_enrollment_tertiary, female_labor_force_participation, fertility, fixed_broadband_per100, forest_area_percent, gdp, gdp_per_capita, gdp_ppp, gender_inequality, gini, greenhouse_gas_emissions_per_capita, gross_savings_percent_gdp, hdi, health_expenditure_per_capita, health_expenditure_percent_gdp, hightech_exports_percent, homicide_rate, hospital_beds_per1000, human_rights_score, ict_goods_exports_percent, immunization_dpt, immunization_measles, inflation, internet_users_percent, learning_adjusted_years_of_school, life_expectancy, life_satisfaction_index, literacy_rate_adult, literacy_rate_youth, maternal_mortality_ratio, median_age, military_expenditure_percent_gdp, military_expenditure_total, mobile_subscriptions_per100, mortality_rate_under5, nuclear_energy_share, nurses_midwives_per1000, patent_applications_residents, physicians_per1000, pm25_air_pollution, population, poverty_ratio, press_freedom, pupil_teacher_ratio_primary, rd_expenditure_percent_gdp, renewable_electricity_output, renewable_energy_percent, renewable_energy_share_total, rule_of_law, sanitation_access_safe, school_enrollment_primary, school_enrollment_secondary, school_enrollment_tertiary, secure_internet_servers_per_million, share_electricity_renewables, share_using_internet, terrorism_deaths, trade_percent_gdp, unemployment, urbanization, women_in_parliament
      FROM all_data
      WHERE year = ?
      ORDER BY country_code
     | params: [1892] | 20 ms
[2026-07-27T16:33:33.060Z] SQL (all): 
      SELECT country_code, year, access_to_clean_fuels, access_to_electricity, annual_gdp_growth, arable_land_percent, birth_rate, child_mortality, co2_emissions_per_capita, co2_emissions_total, corruption, corruption_perceptions_index, current_account_balance_percent_gdp, death_rate, debt_to_gdp, democracy_index, education_expenditure_percent_gdp, exports_percent_gdp, fdi_net_inflows, female_enrollment_tertiary, female_labor_force_participation, fertility, fixed_broadband_per100, forest_area_percent, gdp, gdp_per_capita, gdp_ppp, gender_inequality, gini, greenhouse_gas_emissions_per_capita, gross_savings_percent_gdp, hdi, health_expenditure_per_capita, health_expenditure_percent_gdp, hightech_exports_percent, homicide_rate, hospital_beds_per1000, human_rights_score, ict_goods_exports_percent, immunization_dpt, immunization_measles, inflation, internet_users_percent, learning_adjusted_years_of_school, life_expectancy, life_satisfaction_index, literacy_rate_adult, literacy_rate_youth, maternal_mortality_ratio, median_age, military_expenditure_percent_gdp, military_expenditure_total, mobile_subscriptions_per100, mortality_rate_under5, nuclear_energy_share, nurses_midwives_per1000, patent_applications_residents, physicians_per1000, pm25_air_pollution, population, poverty_ratio, press_freedom, pupil_teacher_ratio_primary, rd_expenditure_percent_gdp, renewable_electricity_output, renewable_energy_percent, renewable_energy_share_total, rule_of_law, sanitation_access_safe, school_enrollment_primary, school_enrollment_secondary, school_enrollment_tertiary, secure_internet_servers_per_million, share_electricity_renewables, share_using_internet, terrorism_deaths, trade_percent_gdp, unemployment, urbanization, women_in_parliament
      FROM all_data
      WHERE year = ?
      ORDER BY country_code
     | params: [1897] | 28 ms
[2026-07-27T16:33:37.812Z] SQL (all): 
      SELECT country_code, year, access_to_clean_fuels, access_to_electricity, annual_gdp_growth, arable_land_percent, birth_rate, child_mortality, co2_emissions_per_capita, co2_emissions_total, corruption, corruption_perceptions_index, current_account_balance_percent_gdp, death_rate, debt_to_gdp, democracy_index, education_expenditure_percent_gdp, exports_percent_gdp, fdi_net_inflows, female_enrollment_tertiary, female_labor_force_participation, fertility, fixed_broadband_per100, forest_area_percent, gdp, gdp_per_capita, gdp_ppp, gender_inequality, gini, greenhouse_gas_emissions_per_capita, gross_savings_percent_gdp, hdi, health_expenditure_per_capita, health_expenditure_percent_gdp, hightech_exports_percent, homicide_rate, hospital_beds_per1000, human_rights_score, ict_goods_exports_percent, immunization_dpt, immunization_measles, inflation, internet_users_percent, learning_adjusted_years_of_school, life_expectancy, life_satisfaction_index, literacy_rate_adult, literacy_rate_youth, maternal_mortality_ratio, median_age, military_expenditure_percent_gdp, military_expenditure_total, mobile_subscriptions_per100, mortality_rate_under5, nuclear_energy_share, nurses_midwives_per1000, patent_applications_residents, physicians_per1000, pm25_air_pollution, population, poverty_ratio, press_freedom, pupil_teacher_ratio_primary, rd_expenditure_percent_gdp, renewable_electricity_output, renewable_energy_percent, renewable_energy_share_total, rule_of_law, sanitation_access_safe, school_enrollment_primary, school_enrollment_secondary, school_enrollment_tertiary, secure_internet_servers_per_million, share_electricity_renewables, share_using_internet, terrorism_deaths, trade_percent_gdp, unemployment, urbanization, women_in_parliament
      FROM all_data
      WHERE year = ?
      ORDER BY country_code
     | params: [2011] | 21 ms
[2026-07-27T16:33:43.351Z] SQL (all): 
      SELECT country_code, year, access_to_clean_fuels, access_to_electricity, annual_gdp_growth, arable_land_percent, birth_rate, child_mortality, co2_emissions_per_capita, co2_emissions_total, corruption, corruption_perceptions_index, current_account_balance_percent_gdp, death_rate, debt_to_gdp, democracy_index, education_expenditure_percent_gdp, exports_percent_gdp, fdi_net_inflows, female_enrollment_tertiary, female_labor_force_participation, fertility, fixed_broadband_per100, forest_area_percent, gdp, gdp_per_capita, gdp_ppp, gender_inequality, gini, greenhouse_gas_emissions_per_capita, gross_savings_percent_gdp, hdi, health_expenditure_per_capita, health_expenditure_percent_gdp, hightech_exports_percent, homicide_rate, hospital_beds_per1000, human_rights_score, ict_goods_exports_percent, immunization_dpt, immunization_measles, inflation, internet_users_percent, learning_adjusted_years_of_school, life_expectancy, life_satisfaction_index, literacy_rate_adult, literacy_rate_youth, maternal_mortality_ratio, median_age, military_expenditure_percent_gdp, military_expenditure_total, mobile_subscriptions_per100, mortality_rate_under5, nuclear_energy_share, nurses_midwives_per1000, patent_applications_residents, physicians_per1000, pm25_air_pollution, population, poverty_ratio, press_freedom, pupil_teacher_ratio_primary, rd_expenditure_percent_gdp, renewable_electricity_output, renewable_energy_percent, renewable_energy_share_total, rule_of_law, sanitation_access_safe, school_enrollment_primary, school_enrollment_secondary, school_enrollment_tertiary, secure_internet_servers_per_million, share_electricity_renewables, share_using_internet, terrorism_deaths, trade_percent_gdp, unemployment, urbanization, women_in_parliament
      FROM all_data
      WHERE year = ?
      ORDER BY country_code
     | params: [1956] | 23 ms
[2026-07-27T16:33:44.396Z] SQL (all): 
      SELECT country_code, year, access_to_clean_fuels, access_to_electricity, annual_gdp_growth, arable_land_percent, birth_rate, child_mortality, co2_emissions_per_capita, co2_emissions_total, corruption, corruption_perceptions_index, current_account_balance_percent_gdp, death_rate, debt_to_gdp, democracy_index, education_expenditure_percent_gdp, exports_percent_gdp, fdi_net_inflows, female_enrollment_tertiary, female_labor_force_participation, fertility, fixed_broadband_per100, forest_area_percent, gdp, gdp_per_capita, gdp_ppp, gender_inequality, gini, greenhouse_gas_emissions_per_capita, gross_savings_percent_gdp, hdi, health_expenditure_per_capita, health_expenditure_percent_gdp, hightech_exports_percent, homicide_rate, hospital_beds_per1000, human_rights_score, ict_goods_exports_percent, immunization_dpt, immunization_measles, inflation, internet_users_percent, learning_adjusted_years_of_school, life_expectancy, life_satisfaction_index, literacy_rate_adult, literacy_rate_youth, maternal_mortality_ratio, median_age, military_expenditure_percent_gdp, military_expenditure_total, mobile_subscriptions_per100, mortality_rate_under5, nuclear_energy_share, nurses_midwives_per1000, patent_applications_residents, physicians_per1000, pm25_air_pollution, population, poverty_ratio, press_freedom, pupil_teacher_ratio_primary, rd_expenditure_percent_gdp, renewable_electricity_output, renewable_energy_percent, renewable_energy_share_total, rule_of_law, sanitation_access_safe, school_enrollment_primary, school_enrollment_secondary, school_enrollment_tertiary, secure_internet_servers_per_million, share_electricity_renewables, share_using_internet, terrorism_deaths, trade_percent_gdp, unemployment, urbanization, women_in_parliament
      FROM all_data
      WHERE year = ?
      ORDER BY country_code
     | params: [1937] | 18 ms
[2026-07-27T16:33:45.806Z] SQL (all): 
      SELECT country_code, year, access_to_clean_fuels, access_to_electricity, annual_gdp_growth, arable_land_percent, birth_rate, child_mortality, co2_emissions_per_capita, co2_emissions_total, corruption, corruption_perceptions_index, current_account_balance_percent_gdp, death_rate, debt_to_gdp, democracy_index, education_expenditure_percent_gdp, exports_percent_gdp, fdi_net_inflows, female_enrollment_tertiary, female_labor_force_participation, fertility, fixed_broadband_per100, forest_area_percent, gdp, gdp_per_capita, gdp_ppp, gender_inequality, gini, greenhouse_gas_emissions_per_capita, gross_savings_percent_gdp, hdi, health_expenditure_per_capita, health_expenditure_percent_gdp, hightech_exports_percent, homicide_rate, hospital_beds_per1000, human_rights_score, ict_goods_exports_percent, immunization_dpt, immunization_measles, inflation, internet_users_percent, learning_adjusted_years_of_school, life_expectancy, life_satisfaction_index, literacy_rate_adult, literacy_rate_youth, maternal_mortality_ratio, median_age, military_expenditure_percent_gdp, military_expenditure_total, mobile_subscriptions_per100, mortality_rate_under5, nuclear_energy_share, nurses_midwives_per1000, patent_applications_residents, physicians_per1000, pm25_air_pollution, population, poverty_ratio, press_freedom, pupil_teacher_ratio_primary, rd_expenditure_percent_gdp, renewable_electricity_output, renewable_energy_percent, renewable_energy_share_total, rule_of_law, sanitation_access_safe, school_enrollment_primary, school_enrollment_secondary, school_enrollment_tertiary, secure_internet_servers_per_million, share_electricity_renewables, share_using_internet, terrorism_deaths, trade_percent_gdp, unemployment, urbanization, women_in_parliament
      FROM all_data
      WHERE year = ?
      ORDER BY country_code
     | params: [2012] | 22 ms
[2026-07-27T16:33:48.628Z] SQL (all): 
      SELECT country_code, year, access_to_clean_fuels, access_to_electricity, annual_gdp_growth, arable_land_percent, birth_rate, child_mortality, co2_emissions_per_capita, co2_emissions_total, corruption, corruption_perceptions_index, current_account_balance_percent_gdp, death_rate, debt_to_gdp, democracy_index, education_expenditure_percent_gdp, exports_percent_gdp, fdi_net_inflows, female_enrollment_tertiary, female_labor_force_participation, fertility, fixed_broadband_per100, forest_area_percent, gdp, gdp_per_capita, gdp_ppp, gender_inequality, gini, greenhouse_gas_emissions_per_capita, gross_savings_percent_gdp, hdi, health_expenditure_per_capita, health_expenditure_percent_gdp, hightech_exports_percent, homicide_rate, hospital_beds_per1000, human_rights_score, ict_goods_exports_percent, immunization_dpt, immunization_measles, inflation, internet_users_percent, learning_adjusted_years_of_school, life_expectancy, life_satisfaction_index, literacy_rate_adult, literacy_rate_youth, maternal_mortality_ratio, median_age, military_expenditure_percent_gdp, military_expenditure_total, mobile_subscriptions_per100, mortality_rate_under5, nuclear_energy_share, nurses_midwives_per1000, patent_applications_residents, physicians_per1000, pm25_air_pollution, population, poverty_ratio, press_freedom, pupil_teacher_ratio_primary, rd_expenditure_percent_gdp, renewable_electricity_output, renewable_energy_percent, renewable_energy_share_total, rule_of_law, sanitation_access_safe, school_enrollment_primary, school_enrollment_secondary, school_enrollment_tertiary, secure_internet_servers_per_million, share_electricity_renewables, share_using_internet, terrorism_deaths, trade_percent_gdp, unemployment, urbanization, women_in_parliament
      FROM all_data
      WHERE year = ?
      ORDER BY country_code
     | params: [2013] | 25 ms
[2026-07-27T16:33:52.046Z] SQL (all): 
      SELECT country_code, year, access_to_clean_fuels, access_to_electricity, annual_gdp_growth, arable_land_percent, birth_rate, child_mortality, co2_emissions_per_capita, co2_emissions_total, corruption, corruption_perceptions_index, current_account_balance_percent_gdp, death_rate, debt_to_gdp, democracy_index, education_expenditure_percent_gdp, exports_percent_gdp, fdi_net_inflows, female_enrollment_tertiary, female_labor_force_participation, fertility, fixed_broadband_per100, forest_area_percent, gdp, gdp_per_capita, gdp_ppp, gender_inequality, gini, greenhouse_gas_emissions_per_capita, gross_savings_percent_gdp, hdi, health_expenditure_per_capita, health_expenditure_percent_gdp, hightech_exports_percent, homicide_rate, hospital_beds_per1000, human_rights_score, ict_goods_exports_percent, immunization_dpt, immunization_measles, inflation, internet_users_percent, learning_adjusted_years_of_school, life_expectancy, life_satisfaction_index, literacy_rate_adult, literacy_rate_youth, maternal_mortality_ratio, median_age, military_expenditure_percent_gdp, military_expenditure_total, mobile_subscriptions_per100, mortality_rate_under5, nuclear_energy_share, nurses_midwives_per1000, patent_applications_residents, physicians_per1000, pm25_air_pollution, population, poverty_ratio, press_freedom, pupil_teacher_ratio_primary, rd_expenditure_percent_gdp, renewable_electricity_output, renewable_energy_percent, renewable_energy_share_total, rule_of_law, sanitation_access_safe, school_enrollment_primary, school_enrollment_secondary, school_enrollment_tertiary, secure_internet_servers_per_million, share_electricity_renewables, share_using_internet, terrorism_deaths, trade_percent_gdp, unemployment, urbanization, women_in_parliament
      FROM all_data
      WHERE year = ?
      ORDER BY country_code
     | params: [2016] | 25 ms
[2026-07-27T17:47:21.889Z] SQL (all): SELECT * FROM countries | 5 ms
[2026-07-27T17:47:21.991Z] SQL (all): PRAGMA table_info(all_data) | 3 ms
[2026-07-27T17:47:22.003Z] SQL (all): SELECT DISTINCT year FROM all_data WHERE year IS NOT NULL ORDER BY year DESC | 14 ms
[2026-07-27T17:47:22.004Z] SQL (get): SELECT MIN(year) as min_year, MAX(year) as max_year FROM all_data WHERE year IS NOT NULL | 15 ms
[2026-07-27T17:50:23.593Z] SQL (all): 
      SELECT country_code, year, access_to_clean_fuels, access_to_electricity, annual_gdp_growth, arable_land_percent, birth_rate, child_mortality, co2_emissions_per_capita, co2_emissions_total, corruption, corruption_perceptions_index, current_account_balance_percent_gdp, death_rate, debt_to_gdp, democracy_index, education_expenditure_percent_gdp, exports_percent_gdp, fdi_net_inflows, female_enrollment_tertiary, female_labor_force_participation, fertility, fixed_broadband_per100, forest_area_percent, gdp, gdp_per_capita, gdp_ppp, gender_inequality, gini, greenhouse_gas_emissions_per_capita, gross_savings_percent_gdp, hdi, health_expenditure_per_capita, health_expenditure_percent_gdp, hightech_exports_percent, homicide_rate, hospital_beds_per1000, human_rights_score, ict_goods_exports_percent, immunization_dpt, immunization_measles, inflation, internet_users_percent, learning_adjusted_years_of_school, life_expectancy, life_satisfaction_index, literacy_rate_adult, literacy_rate_youth, maternal_mortality_ratio, median_age, military_expenditure_percent_gdp, military_expenditure_total, mobile_subscriptions_per100, mortality_rate_under5, nuclear_energy_share, nurses_midwives_per1000, patent_applications_residents, physicians_per1000, pm25_air_pollution, population, poverty_ratio, press_freedom, pupil_teacher_ratio_primary, rd_expenditure_percent_gdp, renewable_electricity_output, renewable_energy_percent, renewable_energy_share_total, rule_of_law, sanitation_access_safe, school_enrollment_primary, school_enrollment_secondary, school_enrollment_tertiary, secure_internet_servers_per_million, share_electricity_renewables, share_using_internet, terrorism_deaths, trade_percent_gdp, unemployment, urbanization, women_in_parliament
      FROM all_data
      WHERE year = ?
      ORDER BY country_code
     | params: [2023] | 21 ms
[2026-07-27T17:51:48.331Z] SQL (get): 
    SELECT MIN(year) as min_year, MAX(year) as max_year
    FROM all_data
    WHERE year IS NOT NULL
   | 5 ms
[2026-07-27T17:51:48.401Z] SQL (get): 
      SELECT MIN(year) as min_year, MAX(year) as max_year
      FROM all_data
      WHERE year IS NOT NULL
        AND hdi IS NOT NULL
        AND fertility IS NOT NULL
     | 48 ms
[2026-07-27T17:51:48.402Z] SQL (get): 
      SELECT MIN(year) as min_year, MAX(year) as max_year
      FROM all_data
      WHERE year IS NOT NULL
        AND democracy_index IS NOT NULL
        AND corruption IS NOT NULL
        AND population IS NOT NULL
     | 49 ms
[2026-07-27T17:51:48.416Z] SQL (all): 
      SELECT country_code, year, democracy_index as x_value, corruption as y_value, population as s_value
      FROM all_data
      WHERE year = ? AND democracy_index IS NOT NULL AND corruption IS NOT NULL AND population IS NOT NULL
     | params: [2023] | 7 ms
[2026-07-27T17:51:48.419Z] SQL (all): 
      SELECT country_code, year, hdi as x_value, fertility as y_value
      FROM all_data
      WHERE year = ? AND hdi IS NOT NULL AND fertility IS NOT NULL
     | params: [2023] | 9 ms
[2026-07-27T17:51:48.468Z] SQL (all): 
      SELECT country_code, year, democracy_index as x_value, corruption as y_value
      FROM all_data
      WHERE democracy_index IS NOT NULL AND corruption IS NOT NULL
      ORDER BY year, country_code
     | 38 ms
[2026-07-27T17:51:48.523Z] SQL (all): 
      SELECT country_code, year, hdi as x_value, fertility as y_value
      FROM all_data
      WHERE hdi IS NOT NULL AND fertility IS NOT NULL
      ORDER BY year, country_code
     | 92 ms
[2026-07-27T17:51:48.620Z] SQL (get): 
      SELECT MIN(population) as min_value, MAX(population) as max_value
      FROM all_data
      WHERE population IS NOT NULL
     | 55 ms
[2026-07-27T17:54:21.034Z] SQL (get): 
      SELECT MIN(year) as min_year, MAX(year) as max_year
      FROM all_data
      WHERE year IS NOT NULL
        AND median_age IS NOT NULL
     | 29 ms
[2026-07-27T17:54:21.069Z] SQL (get): 
      SELECT MIN(median_age) as min_value, MAX(median_age) as max_value
      FROM all_data
      WHERE median_age IS NOT NULL
     | 27 ms
[2026-07-27T17:54:21.098Z] SQL (all): 
      SELECT country_code, year, access_to_clean_fuels, access_to_electricity, annual_gdp_growth, arable_land_percent, birth_rate, child_mortality, co2_emissions_per_capita, co2_emissions_total, corruption, corruption_perceptions_index, current_account_balance_percent_gdp, death_rate, debt_to_gdp, democracy_index, education_expenditure_percent_gdp, exports_percent_gdp, fdi_net_inflows, female_enrollment_tertiary, female_labor_force_participation, fertility, fixed_broadband_per100, forest_area_percent, gdp, gdp_per_capita, gdp_ppp, gender_inequality, gini, greenhouse_gas_emissions_per_capita, gross_savings_percent_gdp, hdi, health_expenditure_per_capita, health_expenditure_percent_gdp, hightech_exports_percent, homicide_rate, hospital_beds_per1000, human_rights_score, ict_goods_exports_percent, immunization_dpt, immunization_measles, inflation, internet_users_percent, learning_adjusted_years_of_school, life_expectancy, life_satisfaction_index, literacy_rate_adult, literacy_rate_youth, maternal_mortality_ratio, median_age, military_expenditure_percent_gdp, military_expenditure_total, mobile_subscriptions_per100, mortality_rate_under5, nuclear_energy_share, nurses_midwives_per1000, patent_applications_residents, physicians_per1000, pm25_air_pollution, population, poverty_ratio, press_freedom, pupil_teacher_ratio_primary, rd_expenditure_percent_gdp, renewable_electricity_output, renewable_energy_percent, renewable_energy_share_total, rule_of_law, sanitation_access_safe, school_enrollment_primary, school_enrollment_secondary, school_enrollment_tertiary, secure_internet_servers_per_million, share_electricity_renewables, share_using_internet, terrorism_deaths, trade_percent_gdp, unemployment, urbanization, women_in_parliament
      FROM all_data
      WHERE year = ?
      ORDER BY country_code
     | params: [2025] | 21 ms
[2026-07-27T17:59:34.963Z] SQL (get): 
        SELECT MIN(year) as min_year, MAX(year) as max_year
        FROM all_data
        WHERE year IS NOT NULL
          AND (democracy_index IS NOT NULL OR corruption IS NOT NULL OR corruption_perceptions_index IS NOT NULL OR press_freedom IS NOT NULL OR rule_of_law IS NOT NULL OR human_rights_score IS NOT NULL OR gdp IS NOT NULL OR annual_gdp_growth IS NOT NULL OR gdp_per_capita IS NOT NULL OR gdp_ppp IS NOT NULL OR debt_to_gdp IS NOT NULL OR inflation IS NOT NULL OR unemployment IS NOT NULL OR gini IS NOT NULL OR fdi_net_inflows IS NOT NULL OR trade_percent_gdp IS NOT NULL OR exports_percent_gdp IS NOT NULL OR gross_savings_percent_gdp IS NOT NULL OR current_account_balance_percent_gdp IS NOT NULL OR internet_users_percent IS NOT NULL OR share_using_internet IS NOT NULL OR mobile_subscriptions_per100 IS NOT NULL OR fixed_broadband_per100 IS NOT NULL OR rd_expenditure_percent_gdp IS NOT NULL OR patent_applications_residents IS NOT NULL OR hightech_exports_percent IS NOT NULL OR ict_goods_exports_percent IS NOT NULL OR secure_internet_servers_per_million IS NOT NULL OR education_expenditure_percent_gdp IS NOT NULL OR literacy_rate_adult IS NOT NULL OR literacy_rate_youth IS NOT NULL OR school_enrollment_primary IS NOT NULL OR school_enrollment_secondary IS NOT NULL OR school_enrollment_tertiary IS NOT NULL OR pupil_teacher_ratio_primary IS NOT NULL OR learning_adjusted_years_of_school IS NOT NULL OR life_expectancy IS NOT NULL OR hospital_beds_per1000 IS NOT NULL OR physicians_per1000 IS NOT NULL OR nurses_midwives_per1000 IS NOT NULL OR health_expenditure_percent_gdp IS NOT NULL OR health_expenditure_per_capita IS NOT NULL OR immunization_measles IS NOT NULL OR immunization_dpt IS NOT NULL OR mortality_rate_under5 IS NOT NULL OR child_mortality IS NOT NULL OR maternal_mortality_ratio IS NOT NULL OR birth_rate IS NOT NULL OR death_rate IS NOT NULL OR co2_emissions_per_capita IS NOT NULL OR co2_emissions_total IS NOT NULL OR greenhouse_gas_emissions_per_capita IS NOT NULL OR forest_area_percent IS NOT NULL OR renewable_energy_percent IS NOT NULL OR renewable_electricity_output IS NOT NULL OR renewable_energy_share_total IS NOT NULL OR share_electricity_renewables IS NOT NULL OR nuclear_energy_share IS NOT NULL OR access_to_electricity IS NOT NULL OR pm25_air_pollution IS NOT NULL OR arable_land_percent IS NOT NULL OR access_to_clean_fuels IS NOT NULL OR population IS NOT NULL OR fertility IS NOT NULL OR median_age IS NOT NULL OR urbanization IS NOT NULL OR hdi IS NOT NULL OR life_satisfaction_index IS NOT NULL OR poverty_ratio IS NOT NULL OR homicide_rate IS NOT NULL OR military_expenditure_percent_gdp IS NOT NULL OR military_expenditure_total IS NOT NULL OR terrorism_deaths IS NOT NULL OR gender_inequality IS NOT NULL OR female_labor_force_participation IS NOT NULL OR women_in_parliament IS NOT NULL OR female_enrollment_tertiary IS NOT NULL OR sanitation_access_safe IS NOT NULL)
       | 47 ms
[2026-07-27T17:59:49.008Z] SQL (get): 
      SELECT MIN(median_age) as min_value, MAX(median_age) as max_value
      FROM all_data
      WHERE median_age IS NOT NULL
        AND country_code IN (?,?,?,?,?,?,?,?,?,?,?,?,?,?,?,?,?,?,?,?,?,?,?,?,?,?,?,?,?,?,?,?,?,?,?,?,?,?,?,?,?,?,?,?,?,?,?,?,?,?,?,?,?,?)
     | params: ["DZA","AGO","BEN","BWA","BFA","BDI","CPV","CMR","CAF","TCD","COM","COG","COD","CIV","DJI","EGY","GNQ","ERI","SWZ","ETH","GAB","GMB","GHA","GIN","GNB","KEN","LSO","LBR","LBY","MDG","MWI","MLI","MRT","MUS","MAR","MOZ","NAM","NER","NGA","RWA","STP","SEN","SYC","SLE","SOM","ZAF","SSD","SDN","TGO","TUN","UGA","TZA","ZMB","ZWE"] | 18 ms
[2026-07-27T17:59:51.848Z] SQL (get): 
      SELECT MIN(median_age) as min_value, MAX(median_age) as max_value
      FROM all_data
      WHERE median_age IS NOT NULL
        AND country_code IN (?,?,?,?,?,?,?,?,?,?,?,?,?,?,?,?,?,?,?,?,?,?,?,?,?,?,?,?,?,?,?,?,?,?,?,?,?,?,?,?,?,?,?,?,?,?)
     | params: ["AFG","ARM","AZE","BHR","BGD","BTN","BRN","KHM","CHN","GEO","IND","IDN","IRN","IRQ","ISR","JPN","JOR","KAZ","PRK","KOR","KWT","KGZ","LAO","LBN","MYS","MDV","MNG","MMR","NPL","OMN","PAK","PHL","QAT","SAU","SGP","LKA","SYR","TJK","THA","TLS","TUR","TKM","ARE","UZB","VNM","YEM"] | 17 ms
[2026-07-27T17:59:54.903Z] SQL (get): 
      SELECT MIN(median_age) as min_value, MAX(median_age) as max_value
      FROM all_data
      WHERE median_age IS NOT NULL
        AND country_code IN (?,?,?,?,?,?,?,?,?,?,?,?,?,?,?,?,?,?,?,?,?,?,?,?,?,?,?,?,?,?,?,?,?,?,?,?,?,?,?,?,?,?,?,?)
     | params: ["ALB","AND","AUT","BLR","BEL","BIH","BGR","HRV","CYP","CZE","DNK","EST","FIN","FRA","DEU","GRC","HUN","ISL","IRL","ITA","LVA","LIE","LTU","LUX","MLT","MDA","MCO","MNE","NLD","MKD","NOR","POL","PRT","ROU","RUS","SMR","SRB","SVK","SVN","ESP","SWE","CHE","UKR","GBR"] | 14 ms
[2026-07-27T18:04:47.076Z] SQL (all): 
    SELECT country_code, year, gdp_ppp, life_satisfaction_index, press_freedom
    FROM all_data
    WHERE country_code IN (?,?,?,?)
    ORDER BY country_code, year ASC
   | params: ["DEU","GBR","JPN","POL"] | 5 ms
[2026-07-27T18:18:21.023Z] SQL (all): 
      SELECT country_code, year, access_to_clean_fuels, access_to_electricity, annual_gdp_growth, arable_land_percent, birth_rate, child_mortality, co2_emissions_per_capita, co2_emissions_total, corruption, corruption_perceptions_index, current_account_balance_percent_gdp, death_rate, debt_to_gdp, democracy_index, education_expenditure_percent_gdp, exports_percent_gdp, fdi_net_inflows, female_enrollment_tertiary, female_labor_force_participation, fertility, fixed_broadband_per100, forest_area_percent, gdp, gdp_per_capita, gdp_ppp, gender_inequality, gini, greenhouse_gas_emissions_per_capita, gross_savings_percent_gdp, hdi, health_expenditure_per_capita, health_expenditure_percent_gdp, hightech_exports_percent, homicide_rate, hospital_beds_per1000, human_rights_score, ict_goods_exports_percent, immunization_dpt, immunization_measles, inflation, internet_users_percent, learning_adjusted_years_of_school, life_expectancy, life_satisfaction_index, literacy_rate_adult, literacy_rate_youth, maternal_mortality_ratio, median_age, military_expenditure_percent_gdp, military_expenditure_total, mobile_subscriptions_per100, mortality_rate_under5, nuclear_energy_share, nurses_midwives_per1000, patent_applications_residents, physicians_per1000, pm25_air_pollution, population, poverty_ratio, press_freedom, pupil_teacher_ratio_primary, rd_expenditure_percent_gdp, renewable_electricity_output, renewable_energy_percent, renewable_energy_share_total, rule_of_law, sanitation_access_safe, school_enrollment_primary, school_enrollment_secondary, school_enrollment_tertiary, secure_internet_servers_per_million, share_electricity_renewables, share_using_internet, terrorism_deaths, trade_percent_gdp, unemployment, urbanization, women_in_parliament
      FROM all_data
      WHERE year = ?
      ORDER BY country_code
     | params: [1750] | 3 ms
[2026-07-27T18:18:26.790Z] SQL (all): 
      SELECT country_code, year, access_to_clean_fuels, access_to_electricity, annual_gdp_growth, arable_land_percent, birth_rate, child_mortality, co2_emissions_per_capita, co2_emissions_total, corruption, corruption_perceptions_index, current_account_balance_percent_gdp, death_rate, debt_to_gdp, democracy_index, education_expenditure_percent_gdp, exports_percent_gdp, fdi_net_inflows, female_enrollment_tertiary, female_labor_force_participation, fertility, fixed_broadband_per100, forest_area_percent, gdp, gdp_per_capita, gdp_ppp, gender_inequality, gini, greenhouse_gas_emissions_per_capita, gross_savings_percent_gdp, hdi, health_expenditure_per_capita, health_expenditure_percent_gdp, hightech_exports_percent, homicide_rate, hospital_beds_per1000, human_rights_score, ict_goods_exports_percent, immunization_dpt, immunization_measles, inflation, internet_users_percent, learning_adjusted_years_of_school, life_expectancy, life_satisfaction_index, literacy_rate_adult, literacy_rate_youth, maternal_mortality_ratio, median_age, military_expenditure_percent_gdp, military_expenditure_total, mobile_subscriptions_per100, mortality_rate_under5, nuclear_energy_share, nurses_midwives_per1000, patent_applications_residents, physicians_per1000, pm25_air_pollution, population, poverty_ratio, press_freedom, pupil_teacher_ratio_primary, rd_expenditure_percent_gdp, renewable_electricity_output, renewable_energy_percent, renewable_energy_share_total, rule_of_law, sanitation_access_safe, school_enrollment_primary, school_enrollment_secondary, school_enrollment_tertiary, secure_internet_servers_per_million, share_electricity_renewables, share_using_internet, terrorism_deaths, trade_percent_gdp, unemployment, urbanization, women_in_parliament
      FROM all_data
      WHERE year = ?
      ORDER BY country_code
     | params: [1753] | 2 ms
[2026-07-27T18:18:42.931Z] SQL (all): 
      SELECT country_code, year, access_to_clean_fuels, access_to_electricity, annual_gdp_growth, arable_land_percent, birth_rate, child_mortality, co2_emissions_per_capita, co2_emissions_total, corruption, corruption_perceptions_index, current_account_balance_percent_gdp, death_rate, debt_to_gdp, democracy_index, education_expenditure_percent_gdp, exports_percent_gdp, fdi_net_inflows, female_enrollment_tertiary, female_labor_force_participation, fertility, fixed_broadband_per100, forest_area_percent, gdp, gdp_per_capita, gdp_ppp, gender_inequality, gini, greenhouse_gas_emissions_per_capita, gross_savings_percent_gdp, hdi, health_expenditure_per_capita, health_expenditure_percent_gdp, hightech_exports_percent, homicide_rate, hospital_beds_per1000, human_rights_score, ict_goods_exports_percent, immunization_dpt, immunization_measles, inflation, internet_users_percent, learning_adjusted_years_of_school, life_expectancy, life_satisfaction_index, literacy_rate_adult, literacy_rate_youth, maternal_mortality_ratio, median_age, military_expenditure_percent_gdp, military_expenditure_total, mobile_subscriptions_per100, mortality_rate_under5, nuclear_energy_share, nurses_midwives_per1000, patent_applications_residents, physicians_per1000, pm25_air_pollution, population, poverty_ratio, press_freedom, pupil_teacher_ratio_primary, rd_expenditure_percent_gdp, renewable_electricity_output, renewable_energy_percent, renewable_energy_share_total, rule_of_law, sanitation_access_safe, school_enrollment_primary, school_enrollment_secondary, school_enrollment_tertiary, secure_internet_servers_per_million, share_electricity_renewables, share_using_internet, terrorism_deaths, trade_percent_gdp, unemployment, urbanization, women_in_parliament
      FROM all_data
      WHERE year = ?
      ORDER BY country_code
     | params: [1833] | 11 ms
[2026-07-27T18:18:44.854Z] SQL (all): 
      SELECT country_code, year, access_to_clean_fuels, access_to_electricity, annual_gdp_growth, arable_land_percent, birth_rate, child_mortality, co2_emissions_per_capita, co2_emissions_total, corruption, corruption_perceptions_index, current_account_balance_percent_gdp, death_rate, debt_to_gdp, democracy_index, education_expenditure_percent_gdp, exports_percent_gdp, fdi_net_inflows, female_enrollment_tertiary, female_labor_force_participation, fertility, fixed_broadband_per100, forest_area_percent, gdp, gdp_per_capita, gdp_ppp, gender_inequality, gini, greenhouse_gas_emissions_per_capita, gross_savings_percent_gdp, hdi, health_expenditure_per_capita, health_expenditure_percent_gdp, hightech_exports_percent, homicide_rate, hospital_beds_per1000, human_rights_score, ict_goods_exports_percent, immunization_dpt, immunization_measles, inflation, internet_users_percent, learning_adjusted_years_of_school, life_expectancy, life_satisfaction_index, literacy_rate_adult, literacy_rate_youth, maternal_mortality_ratio, median_age, military_expenditure_percent_gdp, military_expenditure_total, mobile_subscriptions_per100, mortality_rate_under5, nuclear_energy_share, nurses_midwives_per1000, patent_applications_residents, physicians_per1000, pm25_air_pollution, population, poverty_ratio, press_freedom, pupil_teacher_ratio_primary, rd_expenditure_percent_gdp, renewable_electricity_output, renewable_energy_percent, renewable_energy_share_total, rule_of_law, sanitation_access_safe, school_enrollment_primary, school_enrollment_secondary, school_enrollment_tertiary, secure_internet_servers_per_million, share_electricity_renewables, share_using_internet, terrorism_deaths, trade_percent_gdp, unemployment, urbanization, women_in_parliament
      FROM all_data
      WHERE year = ?
      ORDER BY country_code
     | params: [1797] | 8 ms
[2026-07-27T18:19:31.241Z] SQL (get): 
      SELECT MIN(year) as min_year, MAX(year) as max_year
      FROM all_data
      WHERE year IS NOT NULL
        AND rule_of_law IS NOT NULL
     | 49 ms
[2026-07-27T18:19:31.277Z] SQL (get): 
      SELECT MIN(rule_of_law) as min_value, MAX(rule_of_law) as max_value
      FROM all_data
      WHERE rule_of_law IS NOT NULL
     | 31 ms
[2026-07-27T18:41:41.030Z] SQL (get): 
      SELECT MIN(year) as min_year, MAX(year) as max_year
      FROM all_data
      WHERE year IS NOT NULL
        AND hdi IS NOT NULL
        AND fertility IS NOT NULL
        AND democracy_index IS NOT NULL
     | 45 ms
[2026-07-27T18:41:41.045Z] SQL (all): 
      SELECT country_code, year, hdi as x_value, fertility as y_value, democracy_index as s_value
      FROM all_data
      WHERE year = ? AND hdi IS NOT NULL AND fertility IS NOT NULL AND democracy_index IS NOT NULL
     | params: [2023] | 5 ms
[2026-07-27T18:41:41.075Z] SQL (get): 
      SELECT MIN(democracy_index) as min_value, MAX(democracy_index) as max_value
      FROM all_data
      WHERE democracy_index IS NOT NULL
     | 23 ms
[2026-07-27T19:02:00.967Z] SQL (get): 
    SELECT MIN(year) as min_year, MAX(year) as max_year
    FROM all_data
    WHERE year IS NOT NULL
   | 13 ms
[2026-07-27T19:02:01.019Z] SQL (get): 
      SELECT MIN(year) as min_year, MAX(year) as max_year
      FROM all_data
      WHERE year IS NOT NULL
        AND democracy_index IS NOT NULL
        AND corruption IS NOT NULL
        AND population IS NOT NULL
     | 26 ms
[2026-07-27T19:02:01.046Z] SQL (get): 
      SELECT MIN(year) as min_year, MAX(year) as max_year
      FROM all_data
      WHERE year IS NOT NULL
        AND hdi IS NOT NULL
        AND fertility IS NOT NULL
     | 52 ms
[2026-07-27T19:02:01.055Z] SQL (all): 
      SELECT country_code, year, democracy_index as x_value, corruption as y_value, population as s_value
      FROM all_data
      WHERE year = ? AND democracy_index IS NOT NULL AND corruption IS NOT NULL AND population IS NOT NULL
     | params: [2023] | 7 ms
[2026-07-27T19:02:01.057Z] SQL (all): 
      SELECT country_code, year, hdi as x_value, fertility as y_value
      FROM all_data
      WHERE year = ? AND hdi IS NOT NULL AND fertility IS NOT NULL
     | params: [2023] | 8 ms
[2026-07-27T19:02:01.103Z] SQL (all): 
      SELECT country_code, year, democracy_index as x_value, corruption as y_value
      FROM all_data
      WHERE democracy_index IS NOT NULL AND corruption IS NOT NULL
      ORDER BY year, country_code
     | 36 ms
[2026-07-27T19:02:01.174Z] SQL (all): 
      SELECT country_code, year, hdi as x_value, fertility as y_value
      FROM all_data
      WHERE hdi IS NOT NULL AND fertility IS NOT NULL
      ORDER BY year, country_code
     | 104 ms
[2026-07-27T19:02:01.248Z] SQL (get): 
      SELECT MIN(population) as min_value, MAX(population) as max_value
      FROM all_data
      WHERE population IS NOT NULL
     | 119 ms
[2026-07-27T19:02:01.324Z] SQL (all): 
      SELECT country_code, year, access_to_clean_fuels, access_to_electricity, annual_gdp_growth, arable_land_percent, birth_rate, child_mortality, co2_emissions_per_capita, co2_emissions_total, corruption, corruption_perceptions_index, current_account_balance_percent_gdp, death_rate, debt_to_gdp, democracy_index, education_expenditure_percent_gdp, exports_percent_gdp, fdi_net_inflows, female_enrollment_tertiary, female_labor_force_participation, fertility, fixed_broadband_per100, forest_area_percent, gdp, gdp_per_capita, gdp_ppp, gender_inequality, gini, greenhouse_gas_emissions_per_capita, gross_savings_percent_gdp, hdi, health_expenditure_per_capita, health_expenditure_percent_gdp, hightech_exports_percent, homicide_rate, hospital_beds_per1000, human_rights_score, ict_goods_exports_percent, immunization_dpt, immunization_measles, inflation, internet_users_percent, learning_adjusted_years_of_school, life_expectancy, life_satisfaction_index, literacy_rate_adult, literacy_rate_youth, maternal_mortality_ratio, median_age, military_expenditure_percent_gdp, military_expenditure_total, mobile_subscriptions_per100, mortality_rate_under5, nuclear_energy_share, nurses_midwives_per1000, patent_applications_residents, physicians_per1000, pm25_air_pollution, population, poverty_ratio, press_freedom, pupil_teacher_ratio_primary, rd_expenditure_percent_gdp, renewable_electricity_output, renewable_energy_percent, renewable_energy_share_total, rule_of_law, sanitation_access_safe, school_enrollment_primary, school_enrollment_secondary, school_enrollment_tertiary, secure_internet_servers_per_million, share_electricity_renewables, share_using_internet, terrorism_deaths, trade_percent_gdp, unemployment, urbanization, women_in_parliament
      FROM all_data
      WHERE year = ?
      ORDER BY country_code
     | params: [2023] | 24 ms
[2026-07-27T19:03:54.851Z] SQL (all): 
    SELECT DISTINCT year
    FROM all_data
    WHERE year IS NOT NULL
    ORDER BY year DESC
   | 16 ms
[2026-07-27T19:03:54.890Z] SQL (get): 
      SELECT MIN(year) as min_year, MAX(year) as max_year
      FROM all_data
      WHERE year IS NOT NULL
        AND median_age IS NOT NULL
     | 29 ms
[2026-07-27T19:03:54.925Z] SQL (get): 
      SELECT MIN(median_age) as min_value, MAX(median_age) as max_value
      FROM all_data
      WHERE median_age IS NOT NULL
     | 28 ms
[2026-07-27T19:03:54.961Z] SQL (all): 
      SELECT country_code, year, access_to_clean_fuels, access_to_electricity, annual_gdp_growth, arable_land_percent, birth_rate, child_mortality, co2_emissions_per_capita, co2_emissions_total, corruption, corruption_perceptions_index, current_account_balance_percent_gdp, death_rate, debt_to_gdp, democracy_index, education_expenditure_percent_gdp, exports_percent_gdp, fdi_net_inflows, female_enrollment_tertiary, female_labor_force_participation, fertility, fixed_broadband_per100, forest_area_percent, gdp, gdp_per_capita, gdp_ppp, gender_inequality, gini, greenhouse_gas_emissions_per_capita, gross_savings_percent_gdp, hdi, health_expenditure_per_capita, health_expenditure_percent_gdp, hightech_exports_percent, homicide_rate, hospital_beds_per1000, human_rights_score, ict_goods_exports_percent, immunization_dpt, immunization_measles, inflation, internet_users_percent, learning_adjusted_years_of_school, life_expectancy, life_satisfaction_index, literacy_rate_adult, literacy_rate_youth, maternal_mortality_ratio, median_age, military_expenditure_percent_gdp, military_expenditure_total, mobile_subscriptions_per100, mortality_rate_under5, nuclear_energy_share, nurses_midwives_per1000, patent_applications_residents, physicians_per1000, pm25_air_pollution, population, poverty_ratio, press_freedom, pupil_teacher_ratio_primary, rd_expenditure_percent_gdp, renewable_electricity_output, renewable_energy_percent, renewable_energy_share_total, rule_of_law, sanitation_access_safe, school_enrollment_primary, school_enrollment_secondary, school_enrollment_tertiary, secure_internet_servers_per_million, share_electricity_renewables, share_using_internet, terrorism_deaths, trade_percent_gdp, unemployment, urbanization, women_in_parliament
      FROM all_data
      WHERE year = ?
      ORDER BY country_code
     | params: [2025] | 25 ms
[2026-07-27T19:07:16.320Z] SQL (all): 
    SELECT country_code, year, gdp_ppp, life_satisfaction_index, press_freedom
    FROM all_data
    WHERE country_code IN (?,?,?)
    ORDER BY country_code, year ASC
   | params: ["CHN","IND","USA"] | 4 ms
[2026-07-27T19:07:22.320Z] SQL (all): 
    SELECT country_code, year, gdp_ppp, life_satisfaction_index, press_freedom
    FROM all_data
    WHERE country_code IN (?,?,?,?,?,?,?,?,?,?,?,?,?,?,?,?,?,?,?,?,?,?,?,?,?,?,?,?,?,?,?,?,?,?,?,?,?,?,?,?,?,?,?,?,?,?,?,?,?,?,?,?,?,?,?,?,?,?,?,?,?,?,?,?,?,?,?,?,?,?,?,?,?,?,?,?,?,?,?,?,?,?,?,?,?,?,?,?,?,?,?,?,?,?,?,?,?,?,?,?,?,?,?,?,?,?,?,?,?,?,?,?,?,?,?,?,?,?,?,?,?,?,?,?,?,?,?,?,?,?,?,?,?,?,?,?,?,?,?,?,?,?,?,?,?,?,?,?,?,?,?,?,?,?,?,?,?,?,?,?,?,?,?,?,?,?,?,?,?,?,?,?,?,?,?,?,?,?,?,?,?,?,?,?,?,?,?,?,?,?,?,?,?)
    ORDER BY country_code, year ASC
   | params: ["AFG","AGO","ALB","AND","ARE","ARG","ARM","ATG","AUS","AUT","AZE","BDI","BEL","BEN","BFA","BGD","BGR","BHR","BHS","BIH","BLR","BLZ","BOL","BRA","BRB","BRN","BTN","BWA","CAF","CAN","CHE","CHL","CHN","CIV","CMR","COD","COG","COL","COM","CPV","CRI","CUB","CYP","CZE","DEU","DJI","DMA","DNK","DOM","DZA","ECU","EGY","ERI","ESP","EST","ETH","FIN","FJI","FRA","FSM","GAB","GBR","GEO","GHA","GIN","GMB","GNB","GNQ","GRC","GRD","GTM","GUY","HND","HRV","HTI","HUN","IDN","IND","IRL","IRN","IRQ","ISL","ISR","ITA","JAM","JOR","JPN","KAZ","KEN","KGZ","KHM","KIR","KNA","KOR","KWT","LAO","LBN","LBR","LBY","LCA","LIE","LKA","LSO","LTU","LUX","LVA","MAR","MCO","MDA","MDG","MDV","MEX","MHL","MKD","MLI","MLT","MMR","MNE","MNG","MOZ","MRT","MUS","MWI","MYS","NAM","NER","NGA","NIC","NLD","NOR","NPL","NRU","NZL","OMN","PAK","PAN","PER","PHL","PLW","PNG","POL","PRK","PRT","PRY","QAT","ROU","RUS","RWA","SAU","SDN","SEN","SGP","SLB","SLE","SLV","SMR","SOM","SRB","SSD","STP","SUR","SVK","SVN","SWE","SWZ","SYC","SYR","TCD","TGO","THA","TJK","TKM","TLS","TON","TTO","TUN","TUR","TUV","TZA","UGA","UKR","URY","USA","UZB","VCT","VEN","VNM","VUT","WSM","YEM","ZAF","ZMB","ZWE"] | 300 ms
[2026-07-27T19:08:08.460Z] SQL (get): 
        SELECT MIN(year) as min_year, MAX(year) as max_year
        FROM all_data
        WHERE year IS NOT NULL
          AND (democracy_index IS NOT NULL OR corruption IS NOT NULL OR corruption_perceptions_index IS NOT NULL OR press_freedom IS NOT NULL OR rule_of_law IS NOT NULL OR human_rights_score IS NOT NULL OR gdp IS NOT NULL OR annual_gdp_growth IS NOT NULL OR gdp_per_capita IS NOT NULL OR gdp_ppp IS NOT NULL OR debt_to_gdp IS NOT NULL OR inflation IS NOT NULL OR unemployment IS NOT NULL OR gini IS NOT NULL OR fdi_net_inflows IS NOT NULL OR trade_percent_gdp IS NOT NULL OR exports_percent_gdp IS NOT NULL OR gross_savings_percent_gdp IS NOT NULL OR current_account_balance_percent_gdp IS NOT NULL OR internet_users_percent IS NOT NULL OR share_using_internet IS NOT NULL OR mobile_subscriptions_per100 IS NOT NULL OR fixed_broadband_per100 IS NOT NULL OR rd_expenditure_percent_gdp IS NOT NULL OR patent_applications_residents IS NOT NULL OR hightech_exports_percent IS NOT NULL OR ict_goods_exports_percent IS NOT NULL OR secure_internet_servers_per_million IS NOT NULL OR education_expenditure_percent_gdp IS NOT NULL OR literacy_rate_adult IS NOT NULL OR literacy_rate_youth IS NOT NULL OR school_enrollment_primary IS NOT NULL OR school_enrollment_secondary IS NOT NULL OR school_enrollment_tertiary IS NOT NULL OR pupil_teacher_ratio_primary IS NOT NULL OR learning_adjusted_years_of_school IS NOT NULL OR life_expectancy IS NOT NULL OR hospital_beds_per1000 IS NOT NULL OR physicians_per1000 IS NOT NULL OR nurses_midwives_per1000 IS NOT NULL OR health_expenditure_percent_gdp IS NOT NULL OR health_expenditure_per_capita IS NOT NULL OR immunization_measles IS NOT NULL OR immunization_dpt IS NOT NULL OR mortality_rate_under5 IS NOT NULL OR child_mortality IS NOT NULL OR maternal_mortality_ratio IS NOT NULL OR birth_rate IS NOT NULL OR death_rate IS NOT NULL OR co2_emissions_per_capita IS NOT NULL OR co2_emissions_total IS NOT NULL OR greenhouse_gas_emissions_per_capita IS NOT NULL OR forest_area_percent IS NOT NULL OR renewable_energy_percent IS NOT NULL OR renewable_electricity_output IS NOT NULL OR renewable_energy_share_total IS NOT NULL OR share_electricity_renewables IS NOT NULL OR nuclear_energy_share IS NOT NULL OR access_to_electricity IS NOT NULL OR pm25_air_pollution IS NOT NULL OR arable_land_percent IS NOT NULL OR access_to_clean_fuels IS NOT NULL OR population IS NOT NULL OR fertility IS NOT NULL OR median_age IS NOT NULL OR urbanization IS NOT NULL OR hdi IS NOT NULL OR life_satisfaction_index IS NOT NULL OR poverty_ratio IS NOT NULL OR homicide_rate IS NOT NULL OR military_expenditure_percent_gdp IS NOT NULL OR military_expenditure_total IS NOT NULL OR terrorism_deaths IS NOT NULL OR gender_inequality IS NOT NULL OR female_labor_force_participation IS NOT NULL OR women_in_parliament IS NOT NULL OR female_enrollment_tertiary IS NOT NULL OR sanitation_access_safe IS NOT NULL)
       | 43 ms
[2026-07-27T19:35:51.290Z] SQL (all): 
      SELECT country_code, year, democracy_index as x_value, corruption as y_value, population as s_value
      FROM all_data
      WHERE year = ? AND democracy_index IS NOT NULL AND corruption IS NOT NULL AND population IS NOT NULL
     | params: [1991] | 7 ms
[2026-07-27T19:35:51.292Z] SQL (all): 
      SELECT country_code, year, hdi as x_value, fertility as y_value
      FROM all_data
      WHERE year = ? AND hdi IS NOT NULL AND fertility IS NOT NULL
     | params: [1991] | 8 ms
[2026-07-27T19:35:51.984Z] SQL (all): 
      SELECT country_code, year, democracy_index as x_value, corruption as y_value, population as s_value
      FROM all_data
      WHERE year = ? AND democracy_index IS NOT NULL AND corruption IS NOT NULL AND population IS NOT NULL
     | params: [1990] | 3 ms
[2026-07-27T19:35:51.986Z] SQL (all): 
      SELECT country_code, year, hdi as x_value, fertility as y_value
      FROM all_data
      WHERE year = ? AND hdi IS NOT NULL AND fertility IS NOT NULL
     | params: [1990] | 4 ms
[2026-07-27T20:24:09.545Z] SQL (all): SELECT * FROM countries | 20 ms
[2026-07-27T20:24:09.639Z] SQL (all): PRAGMA table_info(all_data) | 3 ms
[2026-07-27T20:24:09.691Z] SQL (all): SELECT DISTINCT year FROM all_data WHERE year IS NOT NULL ORDER BY year DESC | 54 ms
[2026-07-27T20:24:09.692Z] SQL (get): SELECT MIN(year) as min_year, MAX(year) as max_year FROM all_data WHERE year IS NOT NULL | 55 ms
[2026-07-27T20:24:24.629Z] SQL (get): 
    SELECT MIN(year) as min_year, MAX(year) as max_year
    FROM all_data
    WHERE year IS NOT NULL
   | 7 ms
[2026-07-27T20:24:25.057Z] SQL (get): 
      SELECT MIN(year) as min_year, MAX(year) as max_year
      FROM all_data
      WHERE year IS NOT NULL
        AND democracy_index IS NOT NULL
        AND corruption IS NOT NULL
        AND population IS NOT NULL
     | 397 ms
[2026-07-27T20:24:25.091Z] SQL (get): 
      SELECT MIN(year) as min_year, MAX(year) as max_year
      FROM all_data
      WHERE year IS NOT NULL
        AND hdi IS NOT NULL
        AND fertility IS NOT NULL
     | 430 ms
[2026-07-27T20:24:25.104Z] SQL (all): 
      SELECT country_code, year, democracy_index as x_value, corruption as y_value, population as s_value
      FROM all_data
      WHERE year = ? AND democracy_index IS NOT NULL AND corruption IS NOT NULL AND population IS NOT NULL
     | params: [2023] | 9 ms
[2026-07-27T20:24:25.108Z] SQL (all): 
      SELECT country_code, year, hdi as x_value, fertility as y_value
      FROM all_data
      WHERE year = ? AND hdi IS NOT NULL AND fertility IS NOT NULL
     | params: [2023] | 11 ms
[2026-07-27T20:24:25.213Z] SQL (all): 
      SELECT country_code, year, hdi as x_value, fertility as y_value
      FROM all_data
      WHERE hdi IS NOT NULL AND fertility IS NOT NULL
      ORDER BY year, country_code
     | 89 ms
[2026-07-27T20:24:25.273Z] SQL (all): 
      SELECT country_code, year, democracy_index as x_value, corruption as y_value
      FROM all_data
      WHERE democracy_index IS NOT NULL AND corruption IS NOT NULL
      ORDER BY year, country_code
     | 151 ms
[2026-07-27T20:24:25.423Z] SQL (get): 
      SELECT MIN(population) as min_value, MAX(population) as max_value
      FROM all_data
      WHERE population IS NOT NULL
     | 86 ms
[2026-07-27T20:24:25.499Z] SQL (get): 
      SELECT MIN(year) as min_year, MAX(year) as max_year
      FROM all_data
      WHERE year IS NOT NULL
        AND median_age IS NOT NULL
     | 44 ms
[2026-07-27T20:24:25.552Z] SQL (get): 
      SELECT MIN(median_age) as min_value, MAX(median_age) as max_value
      FROM all_data
      WHERE median_age IS NOT NULL
     | 46 ms
[2026-07-27T20:24:25.596Z] SQL (all): 
      SELECT country_code, year, access_to_clean_fuels, access_to_electricity, annual_gdp_growth, arable_land_percent, birth_rate, child_mortality, co2_emissions_per_capita, co2_emissions_total, corruption, corruption_perceptions_index, current_account_balance_percent_gdp, death_rate, debt_to_gdp, democracy_index, education_expenditure_percent_gdp, exports_percent_gdp, fdi_net_inflows, female_enrollment_tertiary, female_labor_force_participation, fertility, fixed_broadband_per100, forest_area_percent, gdp, gdp_per_capita, gdp_ppp, gender_inequality, gini, greenhouse_gas_emissions_per_capita, gross_savings_percent_gdp, hdi, health_expenditure_per_capita, health_expenditure_percent_gdp, hightech_exports_percent, homicide_rate, hospital_beds_per1000, human_rights_score, ict_goods_exports_percent, immunization_dpt, immunization_measles, inflation, internet_users_percent, learning_adjusted_years_of_school, life_expectancy, life_satisfaction_index, literacy_rate_adult, literacy_rate_youth, maternal_mortality_ratio, median_age, military_expenditure_percent_gdp, military_expenditure_total, mobile_subscriptions_per100, mortality_rate_under5, nuclear_energy_share, nurses_midwives_per1000, patent_applications_residents, physicians_per1000, pm25_air_pollution, population, poverty_ratio, press_freedom, pupil_teacher_ratio_primary, rd_expenditure_percent_gdp, renewable_electricity_output, renewable_energy_percent, renewable_energy_share_total, rule_of_law, sanitation_access_safe, school_enrollment_primary, school_enrollment_secondary, school_enrollment_tertiary, secure_internet_servers_per_million, share_electricity_renewables, share_using_internet, terrorism_deaths, trade_percent_gdp, unemployment, urbanization, women_in_parliament
      FROM all_data
      WHERE year = ?
      ORDER BY country_code
     | params: [2025] | 33 ms
[2026-07-27T20:24:40.300Z] SQL (all): 
      SELECT country_code, year, access_to_clean_fuels, access_to_electricity, annual_gdp_growth, arable_land_percent, birth_rate, child_mortality, co2_emissions_per_capita, co2_emissions_total, corruption, corruption_perceptions_index, current_account_balance_percent_gdp, death_rate, debt_to_gdp, democracy_index, education_expenditure_percent_gdp, exports_percent_gdp, fdi_net_inflows, female_enrollment_tertiary, female_labor_force_participation, fertility, fixed_broadband_per100, forest_area_percent, gdp, gdp_per_capita, gdp_ppp, gender_inequality, gini, greenhouse_gas_emissions_per_capita, gross_savings_percent_gdp, hdi, health_expenditure_per_capita, health_expenditure_percent_gdp, hightech_exports_percent, homicide_rate, hospital_beds_per1000, human_rights_score, ict_goods_exports_percent, immunization_dpt, immunization_measles, inflation, internet_users_percent, learning_adjusted_years_of_school, life_expectancy, life_satisfaction_index, literacy_rate_adult, literacy_rate_youth, maternal_mortality_ratio, median_age, military_expenditure_percent_gdp, military_expenditure_total, mobile_subscriptions_per100, mortality_rate_under5, nuclear_energy_share, nurses_midwives_per1000, patent_applications_residents, physicians_per1000, pm25_air_pollution, population, poverty_ratio, press_freedom, pupil_teacher_ratio_primary, rd_expenditure_percent_gdp, renewable_electricity_output, renewable_energy_percent, renewable_energy_share_total, rule_of_law, sanitation_access_safe, school_enrollment_primary, school_enrollment_secondary, school_enrollment_tertiary, secure_internet_servers_per_million, share_electricity_renewables, share_using_internet, terrorism_deaths, trade_percent_gdp, unemployment, urbanization, women_in_parliament
      FROM all_data
      WHERE year = ?
      ORDER BY country_code
     | params: [2023] | 31 ms
[2026-07-27T20:24:52.648Z] SQL (all): 
    SELECT country_code, year, gdp_ppp, life_satisfaction_index, press_freedom
    FROM all_data
    WHERE country_code IN (?,?,?)
    ORDER BY country_code, year ASC
   | params: ["CHN","IND","USA"] | 10 ms
[2026-07-27T20:24:55.775Z] SQL (get): 
        SELECT MIN(year) as min_year, MAX(year) as max_year
        FROM all_data
        WHERE year IS NOT NULL
          AND (democracy_index IS NOT NULL OR corruption IS NOT NULL OR corruption_perceptions_index IS NOT NULL OR press_freedom IS NOT NULL OR rule_of_law IS NOT NULL OR human_rights_score IS NOT NULL OR gdp IS NOT NULL OR annual_gdp_growth IS NOT NULL OR gdp_per_capita IS NOT NULL OR gdp_ppp IS NOT NULL OR debt_to_gdp IS NOT NULL OR inflation IS NOT NULL OR unemployment IS NOT NULL OR gini IS NOT NULL OR fdi_net_inflows IS NOT NULL OR trade_percent_gdp IS NOT NULL OR exports_percent_gdp IS NOT NULL OR gross_savings_percent_gdp IS NOT NULL OR current_account_balance_percent_gdp IS NOT NULL OR internet_users_percent IS NOT NULL OR share_using_internet IS NOT NULL OR mobile_subscriptions_per100 IS NOT NULL OR fixed_broadband_per100 IS NOT NULL OR rd_expenditure_percent_gdp IS NOT NULL OR patent_applications_residents IS NOT NULL OR hightech_exports_percent IS NOT NULL OR ict_goods_exports_percent IS NOT NULL OR secure_internet_servers_per_million IS NOT NULL OR education_expenditure_percent_gdp IS NOT NULL OR literacy_rate_adult IS NOT NULL OR literacy_rate_youth IS NOT NULL OR school_enrollment_primary IS NOT NULL OR school_enrollment_secondary IS NOT NULL OR school_enrollment_tertiary IS NOT NULL OR pupil_teacher_ratio_primary IS NOT NULL OR learning_adjusted_years_of_school IS NOT NULL OR life_expectancy IS NOT NULL OR hospital_beds_per1000 IS NOT NULL OR physicians_per1000 IS NOT NULL OR nurses_midwives_per1000 IS NOT NULL OR health_expenditure_percent_gdp IS NOT NULL OR health_expenditure_per_capita IS NOT NULL OR immunization_measles IS NOT NULL OR immunization_dpt IS NOT NULL OR mortality_rate_under5 IS NOT NULL OR child_mortality IS NOT NULL OR maternal_mortality_ratio IS NOT NULL OR birth_rate IS NOT NULL OR death_rate IS NOT NULL OR co2_emissions_per_capita IS NOT NULL OR co2_emissions_total IS NOT NULL OR greenhouse_gas_emissions_per_capita IS NOT NULL OR forest_area_percent IS NOT NULL OR renewable_energy_percent IS NOT NULL OR renewable_electricity_output IS NOT NULL OR renewable_energy_share_total IS NOT NULL OR share_electricity_renewables IS NOT NULL OR nuclear_energy_share IS NOT NULL OR access_to_electricity IS NOT NULL OR pm25_air_pollution IS NOT NULL OR arable_land_percent IS NOT NULL OR access_to_clean_fuels IS NOT NULL OR population IS NOT NULL OR fertility IS NOT NULL OR median_age IS NOT NULL OR urbanization IS NOT NULL OR hdi IS NOT NULL OR life_satisfaction_index IS NOT NULL OR poverty_ratio IS NOT NULL OR homicide_rate IS NOT NULL OR military_expenditure_percent_gdp IS NOT NULL OR military_expenditure_total IS NOT NULL OR terrorism_deaths IS NOT NULL OR gender_inequality IS NOT NULL OR female_labor_force_participation IS NOT NULL OR women_in_parliament IS NOT NULL OR female_enrollment_tertiary IS NOT NULL OR sanitation_access_safe IS NOT NULL)
       | 65 ms
[2026-07-28T16:23:44.203Z] SQL (all): SELECT * FROM countries | 11 ms
[2026-07-28T16:23:44.293Z] SQL (all): PRAGMA table_info(all_data) | 3 ms
[2026-07-28T16:23:44.325Z] SQL (all): SELECT DISTINCT year FROM all_data WHERE year IS NOT NULL ORDER BY year DESC | 34 ms
[2026-07-28T16:23:44.325Z] SQL (get): SELECT MIN(year) as min_year, MAX(year) as max_year FROM all_data WHERE year IS NOT NULL | 34 ms
[2026-07-28T16:24:12.334Z] SQL (get): 
    SELECT MIN(year) as min_year, MAX(year) as max_year
    FROM all_data
    WHERE year IS NOT NULL
   | 5 ms
[2026-07-28T16:24:12.559Z] SQL (get): 
      SELECT MIN(year) as min_year, MAX(year) as max_year
      FROM all_data
      WHERE year IS NOT NULL
        AND hdi IS NOT NULL
        AND fertility IS NOT NULL
     | 207 ms
[2026-07-28T16:24:12.580Z] SQL (get): 
      SELECT MIN(year) as min_year, MAX(year) as max_year
      FROM all_data
      WHERE year IS NOT NULL
        AND democracy_index IS NOT NULL
        AND corruption IS NOT NULL
        AND population IS NOT NULL
     | 194 ms
[2026-07-28T16:24:12.583Z] SQL (all): 
      SELECT country_code, year, democracy_index as x_value, corruption as y_value, population as s_value
      FROM all_data
      WHERE year = ? AND democracy_index IS NOT NULL AND corruption IS NOT NULL AND population IS NOT NULL
     | params: [2025] | 47 ms
[2026-07-28T16:24:12.585Z] SQL (all): 
      SELECT country_code, year, hdi as x_value, fertility as y_value
      FROM all_data
      WHERE year = ? AND hdi IS NOT NULL AND fertility IS NOT NULL
     | params: [2025] | 23 ms
[2026-07-28T16:24:12.658Z] SQL (all): 
      SELECT country_code, year, democracy_index as x_value, corruption as y_value, population as s_value
      FROM all_data
      WHERE year = ? AND democracy_index IS NOT NULL AND corruption IS NOT NULL AND population IS NOT NULL
     | params: [2023] | 5 ms
[2026-07-28T16:24:12.667Z] SQL (all): 
      SELECT country_code, year, hdi as x_value, fertility as y_value
      FROM all_data
      WHERE year = ? AND hdi IS NOT NULL AND fertility IS NOT NULL
     | params: [2023] | 14 ms
[2026-07-28T16:24:12.741Z] SQL (all): 
      SELECT country_code, year, democracy_index as x_value, corruption as y_value
      FROM all_data
      WHERE democracy_index IS NOT NULL AND corruption IS NOT NULL
      ORDER BY year, country_code
     | 42 ms
[2026-07-28T16:24:12.781Z] SQL (all): 
      SELECT country_code, year, hdi as x_value, fertility as y_value
      FROM all_data
      WHERE hdi IS NOT NULL AND fertility IS NOT NULL
      ORDER BY year, country_code
     | 82 ms
[2026-07-28T16:24:12.850Z] SQL (get): 
      SELECT MIN(population) as min_value, MAX(population) as max_value
      FROM all_data
      WHERE population IS NOT NULL
     | 41 ms
[2026-07-28T16:24:12.910Z] SQL (get): 
      SELECT MIN(year) as min_year, MAX(year) as max_year
      FROM all_data
      WHERE year IS NOT NULL
        AND median_age IS NOT NULL
     | 18 ms
[2026-07-28T16:24:12.937Z] SQL (get): 
      SELECT MIN(median_age) as min_value, MAX(median_age) as max_value
      FROM all_data
      WHERE median_age IS NOT NULL
     | 23 ms
[2026-07-28T16:24:12.952Z] SQL (all): 
      SELECT country_code, year, access_to_clean_fuels, access_to_electricity, annual_gdp_growth, arable_land_percent, birth_rate, child_mortality, co2_emissions_per_capita, co2_emissions_total, corruption, corruption_perceptions_index, current_account_balance_percent_gdp, death_rate, debt_to_gdp, democracy_index, education_expenditure_percent_gdp, exports_percent_gdp, fdi_net_inflows, female_enrollment_tertiary, female_labor_force_participation, fertility, fixed_broadband_per100, forest_area_percent, gdp, gdp_per_capita, gdp_ppp, gender_inequality, gini, greenhouse_gas_emissions_per_capita, gross_savings_percent_gdp, hdi, health_expenditure_per_capita, health_expenditure_percent_gdp, hightech_exports_percent, homicide_rate, hospital_beds_per1000, human_rights_score, ict_goods_exports_percent, immunization_dpt, immunization_measles, inflation, internet_users_percent, learning_adjusted_years_of_school, life_expectancy, life_satisfaction_index, literacy_rate_adult, literacy_rate_youth, maternal_mortality_ratio, median_age, military_expenditure_percent_gdp, military_expenditure_total, mobile_subscriptions_per100, mortality_rate_under5, nuclear_energy_share, nurses_midwives_per1000, patent_applications_residents, physicians_per1000, pm25_air_pollution, population, poverty_ratio, press_freedom, pupil_teacher_ratio_primary, rd_expenditure_percent_gdp, renewable_electricity_output, renewable_energy_percent, renewable_energy_share_total, rule_of_law, sanitation_access_safe, school_enrollment_primary, school_enrollment_secondary, school_enrollment_tertiary, secure_internet_servers_per_million, share_electricity_renewables, share_using_internet, terrorism_deaths, trade_percent_gdp, unemployment, urbanization, women_in_parliament
      FROM all_data
      WHERE year = ?
      ORDER BY country_code
     | params: [2025] | 11 ms
[2026-07-28T16:24:18.518Z] SQL (all): 
      SELECT country_code, year, access_to_clean_fuels, access_to_electricity, annual_gdp_growth, arable_land_percent, birth_rate, child_mortality, co2_emissions_per_capita, co2_emissions_total, corruption, corruption_perceptions_index, current_account_balance_percent_gdp, death_rate, debt_to_gdp, democracy_index, education_expenditure_percent_gdp, exports_percent_gdp, fdi_net_inflows, female_enrollment_tertiary, female_labor_force_participation, fertility, fixed_broadband_per100, forest_area_percent, gdp, gdp_per_capita, gdp_ppp, gender_inequality, gini, greenhouse_gas_emissions_per_capita, gross_savings_percent_gdp, hdi, health_expenditure_per_capita, health_expenditure_percent_gdp, hightech_exports_percent, homicide_rate, hospital_beds_per1000, human_rights_score, ict_goods_exports_percent, immunization_dpt, immunization_measles, inflation, internet_users_percent, learning_adjusted_years_of_school, life_expectancy, life_satisfaction_index, literacy_rate_adult, literacy_rate_youth, maternal_mortality_ratio, median_age, military_expenditure_percent_gdp, military_expenditure_total, mobile_subscriptions_per100, mortality_rate_under5, nuclear_energy_share, nurses_midwives_per1000, patent_applications_residents, physicians_per1000, pm25_air_pollution, population, poverty_ratio, press_freedom, pupil_teacher_ratio_primary, rd_expenditure_percent_gdp, renewable_electricity_output, renewable_energy_percent, renewable_energy_share_total, rule_of_law, sanitation_access_safe, school_enrollment_primary, school_enrollment_secondary, school_enrollment_tertiary, secure_internet_servers_per_million, share_electricity_renewables, share_using_internet, terrorism_deaths, trade_percent_gdp, unemployment, urbanization, women_in_parliament
      FROM all_data
      WHERE year = ?
      ORDER BY country_code
     | params: [2023] | 12 ms
[2026-07-28T16:25:07.273Z] SQL (all): 
    SELECT country_code, year, gdp_ppp, life_satisfaction_index, press_freedom
    FROM all_data
    WHERE country_code IN (?,?,?)
    ORDER BY country_code, year ASC
   | params: ["CHN","IND","USA"] | 4 ms
[2026-07-28T16:25:10.815Z] SQL (get): 
        SELECT MIN(year) as min_year, MAX(year) as max_year
        FROM all_data
        WHERE year IS NOT NULL
          AND (democracy_index IS NOT NULL OR corruption IS NOT NULL OR corruption_perceptions_index IS NOT NULL OR press_freedom IS NOT NULL OR rule_of_law IS NOT NULL OR human_rights_score IS NOT NULL OR gdp IS NOT NULL OR annual_gdp_growth IS NOT NULL OR gdp_per_capita IS NOT NULL OR gdp_ppp IS NOT NULL OR debt_to_gdp IS NOT NULL OR inflation IS NOT NULL OR unemployment IS NOT NULL OR gini IS NOT NULL OR fdi_net_inflows IS NOT NULL OR trade_percent_gdp IS NOT NULL OR exports_percent_gdp IS NOT NULL OR gross_savings_percent_gdp IS NOT NULL OR current_account_balance_percent_gdp IS NOT NULL OR internet_users_percent IS NOT NULL OR share_using_internet IS NOT NULL OR mobile_subscriptions_per100 IS NOT NULL OR fixed_broadband_per100 IS NOT NULL OR rd_expenditure_percent_gdp IS NOT NULL OR patent_applications_residents IS NOT NULL OR hightech_exports_percent IS NOT NULL OR ict_goods_exports_percent IS NOT NULL OR secure_internet_servers_per_million IS NOT NULL OR education_expenditure_percent_gdp IS NOT NULL OR literacy_rate_adult IS NOT NULL OR literacy_rate_youth IS NOT NULL OR school_enrollment_primary IS NOT NULL OR school_enrollment_secondary IS NOT NULL OR school_enrollment_tertiary IS NOT NULL OR pupil_teacher_ratio_primary IS NOT NULL OR learning_adjusted_years_of_school IS NOT NULL OR life_expectancy IS NOT NULL OR hospital_beds_per1000 IS NOT NULL OR physicians_per1000 IS NOT NULL OR nurses_midwives_per1000 IS NOT NULL OR health_expenditure_percent_gdp IS NOT NULL OR health_expenditure_per_capita IS NOT NULL OR immunization_measles IS NOT NULL OR immunization_dpt IS NOT NULL OR mortality_rate_under5 IS NOT NULL OR child_mortality IS NOT NULL OR maternal_mortality_ratio IS NOT NULL OR birth_rate IS NOT NULL OR death_rate IS NOT NULL OR co2_emissions_per_capita IS NOT NULL OR co2_emissions_total IS NOT NULL OR greenhouse_gas_emissions_per_capita IS NOT NULL OR forest_area_percent IS NOT NULL OR renewable_energy_percent IS NOT NULL OR renewable_electricity_output IS NOT NULL OR renewable_energy_share_total IS NOT NULL OR share_electricity_renewables IS NOT NULL OR nuclear_energy_share IS NOT NULL OR access_to_electricity IS NOT NULL OR pm25_air_pollution IS NOT NULL OR arable_land_percent IS NOT NULL OR access_to_clean_fuels IS NOT NULL OR population IS NOT NULL OR fertility IS NOT NULL OR median_age IS NOT NULL OR urbanization IS NOT NULL OR hdi IS NOT NULL OR life_satisfaction_index IS NOT NULL OR poverty_ratio IS NOT NULL OR homicide_rate IS NOT NULL OR military_expenditure_percent_gdp IS NOT NULL OR military_expenditure_total IS NOT NULL OR terrorism_deaths IS NOT NULL OR gender_inequality IS NOT NULL OR female_labor_force_participation IS NOT NULL OR women_in_parliament IS NOT NULL OR female_enrollment_tertiary IS NOT NULL OR sanitation_access_safe IS NOT NULL)
       | 23 ms
[2026-07-28T17:32:41.386Z] SQL (all): SELECT * FROM countries | 6 ms
[2026-07-28T17:32:41.475Z] SQL (all): PRAGMA table_info(all_data) | 4 ms
[2026-07-28T17:32:41.490Z] SQL (all): SELECT DISTINCT year FROM all_data WHERE year IS NOT NULL ORDER BY year DESC | 18 ms
[2026-07-28T17:32:41.490Z] SQL (get): SELECT MIN(year) as min_year, MAX(year) as max_year FROM all_data WHERE year IS NOT NULL | 18 ms
[2026-07-28T17:33:04.520Z] SQL (get): 
    SELECT MIN(year) as min_year, MAX(year) as max_year
    FROM all_data
    WHERE year IS NOT NULL
   | 8 ms
[2026-07-28T17:33:04.562Z] SQL (get): 
      SELECT MIN(year) as min_year, MAX(year) as max_year
      FROM all_data
      WHERE year IS NOT NULL
        AND democracy_index IS NOT NULL
        AND corruption IS NOT NULL
        AND population IS NOT NULL
     | 24 ms
[2026-07-28T17:33:04.590Z] SQL (get): 
      SELECT MIN(year) as min_year, MAX(year) as max_year
      FROM all_data
      WHERE year IS NOT NULL
        AND hdi IS NOT NULL
        AND fertility IS NOT NULL
     | 52 ms
[2026-07-28T17:33:04.600Z] SQL (all): 
      SELECT country_code, year, democracy_index as x_value, corruption as y_value, population as s_value
      FROM all_data
      WHERE year = ? AND democracy_index IS NOT NULL AND corruption IS NOT NULL AND population IS NOT NULL
     | params: [2023] | 7 ms
[2026-07-28T17:33:04.603Z] SQL (all): 
      SELECT country_code, year, hdi as x_value, fertility as y_value
      FROM all_data
      WHERE year = ? AND hdi IS NOT NULL AND fertility IS NOT NULL
     | params: [2023] | 8 ms
[2026-07-28T17:33:04.645Z] SQL (all): 
      SELECT country_code, year, democracy_index as x_value, corruption as y_value
      FROM all_data
      WHERE democracy_index IS NOT NULL AND corruption IS NOT NULL
      ORDER BY year, country_code
     | 34 ms
[2026-07-28T17:33:04.711Z] SQL (all): 
      SELECT country_code, year, hdi as x_value, fertility as y_value
      FROM all_data
      WHERE hdi IS NOT NULL AND fertility IS NOT NULL
      ORDER BY year, country_code
     | 97 ms
[2026-07-28T17:33:04.776Z] SQL (get): 
      SELECT MIN(population) as min_value, MAX(population) as max_value
      FROM all_data
      WHERE population IS NOT NULL
     | 96 ms
[2026-07-28T17:33:04.897Z] SQL (get): 
        SELECT MIN(year) as min_year, MAX(year) as max_year
        FROM all_data
        WHERE year IS NOT NULL
          AND (democracy_index IS NOT NULL OR corruption IS NOT NULL OR corruption_perceptions_index IS NOT NULL OR press_freedom IS NOT NULL OR rule_of_law IS NOT NULL OR human_rights_score IS NOT NULL OR gdp IS NOT NULL OR annual_gdp_growth IS NOT NULL OR gdp_per_capita IS NOT NULL OR gdp_ppp IS NOT NULL OR debt_to_gdp IS NOT NULL OR inflation IS NOT NULL OR unemployment IS NOT NULL OR gini IS NOT NULL OR fdi_net_inflows IS NOT NULL OR trade_percent_gdp IS NOT NULL OR exports_percent_gdp IS NOT NULL OR gross_savings_percent_gdp IS NOT NULL OR current_account_balance_percent_gdp IS NOT NULL OR internet_users_percent IS NOT NULL OR share_using_internet IS NOT NULL OR mobile_subscriptions_per100 IS NOT NULL OR fixed_broadband_per100 IS NOT NULL OR rd_expenditure_percent_gdp IS NOT NULL OR patent_applications_residents IS NOT NULL OR hightech_exports_percent IS NOT NULL OR ict_goods_exports_percent IS NOT NULL OR secure_internet_servers_per_million IS NOT NULL OR education_expenditure_percent_gdp IS NOT NULL OR literacy_rate_adult IS NOT NULL OR literacy_rate_youth IS NOT NULL OR school_enrollment_primary IS NOT NULL OR school_enrollment_secondary IS NOT NULL OR school_enrollment_tertiary IS NOT NULL OR pupil_teacher_ratio_primary IS NOT NULL OR learning_adjusted_years_of_school IS NOT NULL OR life_expectancy IS NOT NULL OR hospital_beds_per1000 IS NOT NULL OR physicians_per1000 IS NOT NULL OR nurses_midwives_per1000 IS NOT NULL OR health_expenditure_percent_gdp IS NOT NULL OR health_expenditure_per_capita IS NOT NULL OR immunization_measles IS NOT NULL OR immunization_dpt IS NOT NULL OR mortality_rate_under5 IS NOT NULL OR child_mortality IS NOT NULL OR maternal_mortality_ratio IS NOT NULL OR birth_rate IS NOT NULL OR death_rate IS NOT NULL OR co2_emissions_per_capita IS NOT NULL OR co2_emissions_total IS NOT NULL OR greenhouse_gas_emissions_per_capita IS NOT NULL OR forest_area_percent IS NOT NULL OR renewable_energy_percent IS NOT NULL OR renewable_electricity_output IS NOT NULL OR renewable_energy_share_total IS NOT NULL OR share_electricity_renewables IS NOT NULL OR nuclear_energy_share IS NOT NULL OR access_to_electricity IS NOT NULL OR pm25_air_pollution IS NOT NULL OR arable_land_percent IS NOT NULL OR access_to_clean_fuels IS NOT NULL OR population IS NOT NULL OR fertility IS NOT NULL OR median_age IS NOT NULL OR urbanization IS NOT NULL OR hdi IS NOT NULL OR life_satisfaction_index IS NOT NULL OR poverty_ratio IS NOT NULL OR homicide_rate IS NOT NULL OR military_expenditure_percent_gdp IS NOT NULL OR military_expenditure_total IS NOT NULL OR terrorism_deaths IS NOT NULL OR gender_inequality IS NOT NULL OR female_labor_force_participation IS NOT NULL OR women_in_parliament IS NOT NULL OR female_enrollment_tertiary IS NOT NULL OR sanitation_access_safe IS NOT NULL OR population_growth_rate IS NOT NULL OR logistics_performance_index IS NOT NULL OR consumer_price_index IS NOT NULL OR human_capital_index IS NOT NULL OR pisa_reading_score IS NOT NULL OR crime_rate IS NOT NULL OR water_stress_index IS NOT NULL OR water_access_safe IS NOT NULL)
       | 40 ms
[2026-07-28T17:33:05.075Z] SQL (all): 
      SELECT country_code, year, access_to_clean_fuels, access_to_electricity, annual_gdp_growth, arable_land_percent, birth_rate, child_mortality, co2_emissions_per_capita, co2_emissions_total, consumer_price_index, corruption, corruption_perceptions_index, crime_rate, current_account_balance_percent_gdp, death_rate, debt_to_gdp, democracy_index, education_expenditure_percent_gdp, exports_percent_gdp, fdi_net_inflows, female_enrollment_tertiary, female_labor_force_participation, fertility, fixed_broadband_per100, forest_area_percent, gdp, gdp_per_capita, gdp_ppp, gender_inequality, gini, greenhouse_gas_emissions_per_capita, gross_savings_percent_gdp, hdi, health_expenditure_per_capita, health_expenditure_percent_gdp, hightech_exports_percent, homicide_rate, hospital_beds_per1000, human_capital_index, human_rights_score, ict_goods_exports_percent, immunization_dpt, immunization_measles, inflation, internet_users_percent, learning_adjusted_years_of_school, life_expectancy, life_satisfaction_index, literacy_rate_adult, literacy_rate_youth, logistics_performance_index, maternal_mortality_ratio, median_age, military_expenditure_percent_gdp, military_expenditure_total, mobile_subscriptions_per100, mortality_rate_under5, nuclear_energy_share, nurses_midwives_per1000, patent_applications_residents, physicians_per1000, pisa_reading_score, pm25_air_pollution, population, population_growth_rate, poverty_ratio, press_freedom, pupil_teacher_ratio_primary, rd_expenditure_percent_gdp, renewable_electricity_output, renewable_energy_percent, renewable_energy_share_total, rule_of_law, sanitation_access_safe, school_enrollment_primary, school_enrollment_secondary, school_enrollment_tertiary, secure_internet_servers_per_million, share_electricity_renewables, share_using_internet, terrorism_deaths, trade_percent_gdp, unemployment, urbanization, water_access_safe, water_stress_index, women_in_parliament
      FROM all_data
      WHERE year = ?
      ORDER BY country_code
     | params: [2023] | 21 ms
[2026-07-28T17:35:12.330Z] SQL (all): 
    SELECT country_code, year, gdp_ppp, life_satisfaction_index, press_freedom
    FROM all_data
    WHERE country_code IN (?,?,?)
    ORDER BY country_code, year ASC
   | params: ["CHN","IND","USA"] | 4 ms
[2026-07-28T17:35:36.112Z] SQL (get): 
      SELECT MIN(year) as min_year, MAX(year) as max_year
      FROM all_data
      WHERE year IS NOT NULL
        AND median_age IS NOT NULL
     | 29 ms
[2026-07-28T17:35:36.147Z] SQL (get): 
      SELECT MIN(median_age) as min_value, MAX(median_age) as max_value
      FROM all_data
      WHERE median_age IS NOT NULL
     | 29 ms
[2026-07-28T17:35:36.206Z] SQL (all): 
      SELECT country_code, year, access_to_clean_fuels, access_to_electricity, annual_gdp_growth, arable_land_percent, birth_rate, child_mortality, co2_emissions_per_capita, co2_emissions_total, consumer_price_index, corruption, corruption_perceptions_index, crime_rate, current_account_balance_percent_gdp, death_rate, debt_to_gdp, democracy_index, education_expenditure_percent_gdp, exports_percent_gdp, fdi_net_inflows, female_enrollment_tertiary, female_labor_force_participation, fertility, fixed_broadband_per100, forest_area_percent, gdp, gdp_per_capita, gdp_ppp, gender_inequality, gini, greenhouse_gas_emissions_per_capita, gross_savings_percent_gdp, hdi, health_expenditure_per_capita, health_expenditure_percent_gdp, hightech_exports_percent, homicide_rate, hospital_beds_per1000, human_capital_index, human_rights_score, ict_goods_exports_percent, immunization_dpt, immunization_measles, inflation, internet_users_percent, learning_adjusted_years_of_school, life_expectancy, life_satisfaction_index, literacy_rate_adult, literacy_rate_youth, logistics_performance_index, maternal_mortality_ratio, median_age, military_expenditure_percent_gdp, military_expenditure_total, mobile_subscriptions_per100, mortality_rate_under5, nuclear_energy_share, nurses_midwives_per1000, patent_applications_residents, physicians_per1000, pisa_reading_score, pm25_air_pollution, population, population_growth_rate, poverty_ratio, press_freedom, pupil_teacher_ratio_primary, rd_expenditure_percent_gdp, renewable_electricity_output, renewable_energy_percent, renewable_energy_share_total, rule_of_law, sanitation_access_safe, school_enrollment_primary, school_enrollment_secondary, school_enrollment_tertiary, secure_internet_servers_per_million, share_electricity_renewables, share_using_internet, terrorism_deaths, trade_percent_gdp, unemployment, urbanization, water_access_safe, water_stress_index, women_in_parliament
      FROM all_data
      WHERE year = ?
      ORDER BY country_code
     | params: [2025] | 47 ms
[2026-07-28T18:24:54.925Z] SQL (get): 
      SELECT MIN(year) as min_year, MAX(year) as max_year
      FROM all_data
      WHERE year IS NOT NULL
        AND corruption_perceptions_index IS NOT NULL
     | 35 ms
[2026-07-28T18:24:54.962Z] SQL (get): 
      SELECT MIN(corruption_perceptions_index) as min_value, MAX(corruption_perceptions_index) as max_value
      FROM all_data
      WHERE corruption_perceptions_index IS NOT NULL
     | 30 ms
[2026-07-28T18:24:55.003Z] SQL (all): 
      SELECT country_code, year, access_to_clean_fuels, access_to_electricity, annual_gdp_growth, arable_land_percent, birth_rate, child_mortality, co2_emissions_per_capita, co2_emissions_total, consumer_price_index, corruption, corruption_perceptions_index, crime_rate, current_account_balance_percent_gdp, death_rate, debt_to_gdp, democracy_index, education_expenditure_percent_gdp, exports_percent_gdp, fdi_net_inflows, female_enrollment_tertiary, female_labor_force_participation, fertility, fixed_broadband_per100, forest_area_percent, gdp, gdp_per_capita, gdp_ppp, gender_inequality, gini, greenhouse_gas_emissions_per_capita, gross_savings_percent_gdp, hdi, health_expenditure_per_capita, health_expenditure_percent_gdp, hightech_exports_percent, homicide_rate, hospital_beds_per1000, human_capital_index, human_rights_score, ict_goods_exports_percent, immunization_dpt, immunization_measles, inflation, internet_users_percent, learning_adjusted_years_of_school, life_expectancy, life_satisfaction_index, literacy_rate_adult, literacy_rate_youth, logistics_performance_index, maternal_mortality_ratio, median_age, military_expenditure_percent_gdp, military_expenditure_total, mobile_subscriptions_per100, mortality_rate_under5, nuclear_energy_share, nurses_midwives_per1000, patent_applications_residents, physicians_per1000, pisa_reading_score, pm25_air_pollution, population, population_growth_rate, poverty_ratio, press_freedom, pupil_teacher_ratio_primary, rd_expenditure_percent_gdp, renewable_electricity_output, renewable_energy_percent, renewable_energy_share_total, rule_of_law, sanitation_access_safe, school_enrollment_primary, school_enrollment_secondary, school_enrollment_tertiary, secure_internet_servers_per_million, share_electricity_renewables, share_using_internet, terrorism_deaths, trade_percent_gdp, unemployment, urbanization, water_access_safe, water_stress_index, women_in_parliament
      FROM all_data
      WHERE year = ?
      ORDER BY country_code
     | params: [2024] | 24 ms
[2026-07-28T18:25:08.357Z] SQL (get): 
      SELECT MIN(year) as min_year, MAX(year) as max_year
      FROM all_data
      WHERE year IS NOT NULL
        AND democracy_index IS NOT NULL
     | 21 ms
[2026-07-28T18:25:08.392Z] SQL (get): 
      SELECT MIN(democracy_index) as min_value, MAX(democracy_index) as max_value
      FROM all_data
      WHERE democracy_index IS NOT NULL
     | 27 ms
[2026-07-28T18:25:38.855Z] SQL (get): 
      SELECT MIN(year) as min_year, MAX(year) as max_year
      FROM all_data
      WHERE year IS NOT NULL
        AND corruption IS NOT NULL
     | 25 ms
[2026-07-28T18:25:38.876Z] SQL (get): 
      SELECT MIN(corruption) as min_value, MAX(corruption) as max_value
      FROM all_data
      WHERE corruption IS NOT NULL
     | 17 ms
[2026-07-28T18:26:07.575Z] SQL (get): 
      SELECT MIN(corruption) as min_value, MAX(corruption) as max_value
      FROM all_data
      WHERE corruption IS NOT NULL
        AND country_code IN (?,?,?,?,?,?,?,?,?,?,?,?,?,?,?,?,?,?,?,?,?,?,?,?,?,?,?,?,?,?,?,?,?,?,?,?,?,?,?,?,?,?,?,?,?,?,?,?,?,?,?,?,?,?)
     | params: ["DZA","AGO","BEN","BWA","BFA","BDI","CPV","CMR","CAF","TCD","COM","COG","COD","CIV","DJI","EGY","GNQ","ERI","SWZ","ETH","GAB","GMB","GHA","GIN","GNB","KEN","LSO","LBR","LBY","MDG","MWI","MLI","MRT","MUS","MAR","MOZ","NAM","NER","NGA","RWA","STP","SEN","SYC","SLE","SOM","ZAF","SSD","SDN","TGO","TUN","UGA","TZA","ZMB","ZWE"] | 19 ms
[2026-07-28T18:26:13.955Z] SQL (get): 
      SELECT MIN(corruption) as min_value, MAX(corruption) as max_value
      FROM all_data
      WHERE corruption IS NOT NULL
        AND country_code IN (?,?,?,?,?,?,?,?,?,?,?,?,?,?,?,?,?,?,?,?,?,?,?,?,?,?,?,?,?,?,?,?,?,?,?,?,?,?,?,?,?,?,?,?,?,?)
     | params: ["AFG","ARM","AZE","BHR","BGD","BTN","BRN","KHM","CHN","GEO","IND","IDN","IRN","IRQ","ISR","JPN","JOR","KAZ","PRK","KOR","KWT","KGZ","LAO","LBN","MYS","MDV","MNG","MMR","NPL","OMN","PAK","PHL","QAT","SAU","SGP","LKA","SYR","TJK","THA","TLS","TUR","TKM","ARE","UZB","VNM","YEM"] | 15 ms
[2026-07-28T18:33:33.110Z] SQL (all): 
      SELECT country_code, year, hdi as x_value, fertility as y_value
      FROM all_data
      WHERE year = ? AND hdi IS NOT NULL AND fertility IS NOT NULL
     | params: [2023] | 10 ms
[2026-07-28T18:33:33.114Z] SQL (all): 
      SELECT country_code, year, democracy_index as x_value, corruption as y_value, population as s_value
      FROM all_data
      WHERE year = ? AND democracy_index IS NOT NULL AND corruption IS NOT NULL AND population IS NOT NULL
     | params: [2023] | 15 ms
[2026-07-28T18:33:33.184Z] SQL (get): 
      SELECT MIN(population) as min_value, MAX(population) as max_value
      FROM all_data
      WHERE population IS NOT NULL
     | 35 ms
[2026-07-28T18:33:36.153Z] SQL (all): 
    SELECT DISTINCT year
    FROM all_data
    WHERE year IS NOT NULL
    ORDER BY year DESC
   | 7 ms
[2026-07-28T18:33:37.402Z] SQL (get): 
        SELECT MIN(year) as min_year, MAX(year) as max_year
        FROM all_data
        WHERE year IS NOT NULL
          AND (democracy_index IS NOT NULL OR corruption IS NOT NULL OR corruption_perceptions_index IS NOT NULL OR press_freedom IS NOT NULL OR rule_of_law IS NOT NULL OR human_rights_score IS NOT NULL OR gdp IS NOT NULL OR annual_gdp_growth IS NOT NULL OR gdp_per_capita IS NOT NULL OR gdp_ppp IS NOT NULL OR debt_to_gdp IS NOT NULL OR inflation IS NOT NULL OR unemployment IS NOT NULL OR gini IS NOT NULL OR fdi_net_inflows IS NOT NULL OR trade_percent_gdp IS NOT NULL OR exports_percent_gdp IS NOT NULL OR gross_savings_percent_gdp IS NOT NULL OR current_account_balance_percent_gdp IS NOT NULL OR internet_users_percent IS NOT NULL OR share_using_internet IS NOT NULL OR mobile_subscriptions_per100 IS NOT NULL OR fixed_broadband_per100 IS NOT NULL OR rd_expenditure_percent_gdp IS NOT NULL OR patent_applications_residents IS NOT NULL OR hightech_exports_percent IS NOT NULL OR ict_goods_exports_percent IS NOT NULL OR secure_internet_servers_per_million IS NOT NULL OR education_expenditure_percent_gdp IS NOT NULL OR literacy_rate_adult IS NOT NULL OR literacy_rate_youth IS NOT NULL OR school_enrollment_primary IS NOT NULL OR school_enrollment_secondary IS NOT NULL OR school_enrollment_tertiary IS NOT NULL OR pupil_teacher_ratio_primary IS NOT NULL OR learning_adjusted_years_of_school IS NOT NULL OR life_expectancy IS NOT NULL OR hospital_beds_per1000 IS NOT NULL OR physicians_per1000 IS NOT NULL OR nurses_midwives_per1000 IS NOT NULL OR health_expenditure_percent_gdp IS NOT NULL OR health_expenditure_per_capita IS NOT NULL OR immunization_measles IS NOT NULL OR immunization_dpt IS NOT NULL OR mortality_rate_under5 IS NOT NULL OR child_mortality IS NOT NULL OR maternal_mortality_ratio IS NOT NULL OR birth_rate IS NOT NULL OR death_rate IS NOT NULL OR co2_emissions_per_capita IS NOT NULL OR co2_emissions_total IS NOT NULL OR greenhouse_gas_emissions_per_capita IS NOT NULL OR forest_area_percent IS NOT NULL OR renewable_energy_percent IS NOT NULL OR renewable_electricity_output IS NOT NULL OR renewable_energy_share_total IS NOT NULL OR share_electricity_renewables IS NOT NULL OR nuclear_energy_share IS NOT NULL OR access_to_electricity IS NOT NULL OR pm25_air_pollution IS NOT NULL OR arable_land_percent IS NOT NULL OR access_to_clean_fuels IS NOT NULL OR population IS NOT NULL OR fertility IS NOT NULL OR median_age IS NOT NULL OR urbanization IS NOT NULL OR hdi IS NOT NULL OR life_satisfaction_index IS NOT NULL OR poverty_ratio IS NOT NULL OR homicide_rate IS NOT NULL OR military_expenditure_percent_gdp IS NOT NULL OR military_expenditure_total IS NOT NULL OR terrorism_deaths IS NOT NULL OR gender_inequality IS NOT NULL OR female_labor_force_participation IS NOT NULL OR women_in_parliament IS NOT NULL OR female_enrollment_tertiary IS NOT NULL OR sanitation_access_safe IS NOT NULL OR population_growth_rate IS NOT NULL OR logistics_performance_index IS NOT NULL OR consumer_price_index IS NOT NULL OR human_capital_index IS NOT NULL OR pisa_reading_score IS NOT NULL OR crime_rate IS NOT NULL OR water_stress_index IS NOT NULL OR water_access_safe IS NOT NULL)
       | 48 ms
[2026-07-28T18:33:37.484Z] SQL (all): 
      SELECT country_code, year, access_to_clean_fuels, access_to_electricity, annual_gdp_growth, arable_land_percent, birth_rate, child_mortality, co2_emissions_per_capita, co2_emissions_total, consumer_price_index, corruption, corruption_perceptions_index, crime_rate, current_account_balance_percent_gdp, death_rate, debt_to_gdp, democracy_index, education_expenditure_percent_gdp, exports_percent_gdp, fdi_net_inflows, female_enrollment_tertiary, female_labor_force_participation, fertility, fixed_broadband_per100, forest_area_percent, gdp, gdp_per_capita, gdp_ppp, gender_inequality, gini, greenhouse_gas_emissions_per_capita, gross_savings_percent_gdp, hdi, health_expenditure_per_capita, health_expenditure_percent_gdp, hightech_exports_percent, homicide_rate, hospital_beds_per1000, human_capital_index, human_rights_score, ict_goods_exports_percent, immunization_dpt, immunization_measles, inflation, internet_users_percent, learning_adjusted_years_of_school, life_expectancy, life_satisfaction_index, literacy_rate_adult, literacy_rate_youth, logistics_performance_index, maternal_mortality_ratio, median_age, military_expenditure_percent_gdp, military_expenditure_total, mobile_subscriptions_per100, mortality_rate_under5, nuclear_energy_share, nurses_midwives_per1000, patent_applications_residents, physicians_per1000, pisa_reading_score, pm25_air_pollution, population, population_growth_rate, poverty_ratio, press_freedom, pupil_teacher_ratio_primary, rd_expenditure_percent_gdp, renewable_electricity_output, renewable_energy_percent, renewable_energy_share_total, rule_of_law, sanitation_access_safe, school_enrollment_primary, school_enrollment_secondary, school_enrollment_tertiary, secure_internet_servers_per_million, share_electricity_renewables, share_using_internet, terrorism_deaths, trade_percent_gdp, unemployment, urbanization, water_access_safe, water_stress_index, women_in_parliament
      FROM all_data
      WHERE year = ?
      ORDER BY country_code
     | params: [2023] | 23 ms
[2026-07-28T18:34:04.688Z] SQL (get): 
    SELECT MIN(year) as min_year, MAX(year) as max_year
    FROM all_data
    WHERE year IS NOT NULL
   | 10 ms
[2026-07-28T18:34:04.742Z] SQL (get): 
      SELECT MIN(year) as min_year, MAX(year) as max_year
      FROM all_data
      WHERE year IS NOT NULL
        AND democracy_index IS NOT NULL
        AND corruption IS NOT NULL
        AND population IS NOT NULL
     | 27 ms
[2026-07-28T18:34:04.775Z] SQL (get): 
      SELECT MIN(year) as min_year, MAX(year) as max_year
      FROM all_data
      WHERE year IS NOT NULL
        AND hdi IS NOT NULL
        AND fertility IS NOT NULL
     | 60 ms
[2026-07-28T18:34:04.836Z] SQL (all): 
      SELECT country_code, year, democracy_index as x_value, corruption as y_value
      FROM all_data
      WHERE democracy_index IS NOT NULL AND corruption IS NOT NULL
      ORDER BY year, country_code
     | 46 ms
[2026-07-28T18:34:04.923Z] SQL (all): 
      SELECT country_code, year, hdi as x_value, fertility as y_value
      FROM all_data
      WHERE hdi IS NOT NULL AND fertility IS NOT NULL
      ORDER BY year, country_code
     | 130 ms
[2026-07-28T18:39:09.008Z] SQL (all): 
    SELECT country_code, year, gdp_ppp, life_satisfaction_index, press_freedom
    FROM all_data
    WHERE country_code IN (?,?,?)
    ORDER BY country_code, year ASC
   | params: ["CHN","IND","USA"] | 5 ms
[2026-07-28T18:39:10.175Z] SQL (get): 
      SELECT MIN(year) as min_year, MAX(year) as max_year
      FROM all_data
      WHERE year IS NOT NULL
        AND median_age IS NOT NULL
     | 30 ms
[2026-07-28T18:39:10.228Z] SQL (get): 
      SELECT MIN(median_age) as min_value, MAX(median_age) as max_value
      FROM all_data
      WHERE median_age IS NOT NULL
     | 45 ms
[2026-07-28T18:39:10.269Z] SQL (all): 
      SELECT country_code, year, access_to_clean_fuels, access_to_electricity, annual_gdp_growth, arable_land_percent, birth_rate, child_mortality, co2_emissions_per_capita, co2_emissions_total, consumer_price_index, corruption, corruption_perceptions_index, crime_rate, current_account_balance_percent_gdp, death_rate, debt_to_gdp, democracy_index, education_expenditure_percent_gdp, exports_percent_gdp, fdi_net_inflows, female_enrollment_tertiary, female_labor_force_participation, fertility, fixed_broadband_per100, forest_area_percent, gdp, gdp_per_capita, gdp_ppp, gender_inequality, gini, greenhouse_gas_emissions_per_capita, gross_savings_percent_gdp, hdi, health_expenditure_per_capita, health_expenditure_percent_gdp, hightech_exports_percent, homicide_rate, hospital_beds_per1000, human_capital_index, human_rights_score, ict_goods_exports_percent, immunization_dpt, immunization_measles, inflation, internet_users_percent, learning_adjusted_years_of_school, life_expectancy, life_satisfaction_index, literacy_rate_adult, literacy_rate_youth, logistics_performance_index, maternal_mortality_ratio, median_age, military_expenditure_percent_gdp, military_expenditure_total, mobile_subscriptions_per100, mortality_rate_under5, nuclear_energy_share, nurses_midwives_per1000, patent_applications_residents, physicians_per1000, pisa_reading_score, pm25_air_pollution, population, population_growth_rate, poverty_ratio, press_freedom, pupil_teacher_ratio_primary, rd_expenditure_percent_gdp, renewable_electricity_output, renewable_energy_percent, renewable_energy_share_total, rule_of_law, sanitation_access_safe, school_enrollment_primary, school_enrollment_secondary, school_enrollment_tertiary, secure_internet_servers_per_million, share_electricity_renewables, share_using_internet, terrorism_deaths, trade_percent_gdp, unemployment, urbanization, water_access_safe, water_stress_index, women_in_parliament
      FROM all_data
      WHERE year = ?
      ORDER BY country_code
     | params: [2025] | 29 ms
[2026-07-28T19:03:58.103Z] SQL (all): SELECT * FROM countries | 6 ms
[2026-07-28T19:03:58.195Z] SQL (all): PRAGMA table_info(all_data) | 2 ms
[2026-07-28T19:03:58.208Z] SQL (all): SELECT DISTINCT year FROM all_data WHERE year IS NOT NULL ORDER BY year DESC | 15 ms
[2026-07-28T19:03:58.208Z] SQL (get): SELECT MIN(year) as min_year, MAX(year) as max_year FROM all_data WHERE year IS NOT NULL | 15 ms
[2026-07-28T19:04:14.036Z] SQL (get): 
    SELECT MIN(year) as min_year, MAX(year) as max_year
    FROM all_data
    WHERE year IS NOT NULL
   | 7 ms
[2026-07-28T19:04:14.085Z] SQL (get): 
      SELECT MIN(year) as min_year, MAX(year) as max_year
      FROM all_data
      WHERE year IS NOT NULL
        AND democracy_index IS NOT NULL
        AND corruption IS NOT NULL
        AND population IS NOT NULL
     | 30 ms
[2026-07-28T19:04:14.116Z] SQL (get): 
      SELECT MIN(year) as min_year, MAX(year) as max_year
      FROM all_data
      WHERE year IS NOT NULL
        AND hdi IS NOT NULL
        AND fertility IS NOT NULL
     | 61 ms
[2026-07-28T19:04:14.128Z] SQL (all): 
      SELECT country_code, year, democracy_index as x_value, corruption as y_value, population as s_value
      FROM all_data
      WHERE year = ? AND democracy_index IS NOT NULL AND corruption IS NOT NULL AND population IS NOT NULL
     | params: [2023] | 9 ms
[2026-07-28T19:04:14.132Z] SQL (all): 
      SELECT country_code, year, hdi as x_value, fertility as y_value
      FROM all_data
      WHERE year = ? AND hdi IS NOT NULL AND fertility IS NOT NULL
     | params: [2023] | 11 ms
[2026-07-28T19:04:14.185Z] SQL (all): 
      SELECT country_code, year, democracy_index as x_value, corruption as y_value
      FROM all_data
      WHERE democracy_index IS NOT NULL AND corruption IS NOT NULL
      ORDER BY year, country_code
     | 42 ms
[2026-07-28T19:04:14.272Z] SQL (all): 
      SELECT country_code, year, hdi as x_value, fertility as y_value
      FROM all_data
      WHERE hdi IS NOT NULL AND fertility IS NOT NULL
      ORDER BY year, country_code
     | 125 ms
[2026-07-28T19:04:14.353Z] SQL (get): 
      SELECT MIN(population) as min_value, MAX(population) as max_value
      FROM all_data
      WHERE population IS NOT NULL
     | 137 ms
[2026-07-28T19:04:14.409Z] SQL (all): 
      SELECT country_code, year, access_to_clean_fuels, access_to_electricity, annual_gdp_growth, arable_land_percent, birth_rate, child_mortality, co2_emissions_per_capita, co2_emissions_total, consumer_price_index, corruption, corruption_perceptions_index, crime_rate, current_account_balance_percent_gdp, death_rate, debt_to_gdp, democracy_index, education_expenditure_percent_gdp, exports_percent_gdp, fdi_net_inflows, female_enrollment_tertiary, female_labor_force_participation, fertility, fixed_broadband_per100, forest_area_percent, gdp, gdp_per_capita, gdp_ppp, gender_inequality, gini, greenhouse_gas_emissions_per_capita, gross_savings_percent_gdp, hdi, health_expenditure_per_capita, health_expenditure_percent_gdp, hightech_exports_percent, homicide_rate, hospital_beds_per1000, human_capital_index, human_rights_score, ict_goods_exports_percent, immunization_dpt, immunization_measles, inflation, internet_users_percent, learning_adjusted_years_of_school, life_expectancy, life_satisfaction_index, literacy_rate_adult, literacy_rate_youth, logistics_performance_index, maternal_mortality_ratio, median_age, military_expenditure_percent_gdp, military_expenditure_total, mobile_subscriptions_per100, mortality_rate_under5, nuclear_energy_share, nurses_midwives_per1000, patent_applications_residents, physicians_per1000, pisa_reading_score, pm25_air_pollution, population, population_growth_rate, poverty_ratio, press_freedom, pupil_teacher_ratio_primary, rd_expenditure_percent_gdp, renewable_electricity_output, renewable_energy_percent, renewable_energy_share_total, rule_of_law, sanitation_access_safe, school_enrollment_primary, school_enrollment_secondary, school_enrollment_tertiary, secure_internet_servers_per_million, share_electricity_renewables, share_using_internet, terrorism_deaths, trade_percent_gdp, unemployment, urbanization, water_access_safe, water_stress_index, women_in_parliament
      FROM all_data
      WHERE year = ?
      ORDER BY country_code
     | params: [2023] | 29 ms
[2026-07-28T19:06:36.306Z] SQL (all): SELECT * FROM countries | 5 ms
[2026-07-28T19:06:36.409Z] SQL (all): PRAGMA table_info(all_data) | 4 ms
[2026-07-28T19:06:36.423Z] SQL (all): SELECT DISTINCT year FROM all_data WHERE year IS NOT NULL ORDER BY year DESC | 16 ms
[2026-07-28T19:06:36.424Z] SQL (get): SELECT MIN(year) as min_year, MAX(year) as max_year FROM all_data WHERE year IS NOT NULL | 17 ms
[2026-07-28T19:07:17.617Z] SQL (get): 
    SELECT MIN(year) as min_year, MAX(year) as max_year
    FROM all_data
    WHERE year IS NOT NULL
   | 9 ms
[2026-07-28T19:07:17.673Z] SQL (get): 
      SELECT MIN(year) as min_year, MAX(year) as max_year
      FROM all_data
      WHERE year IS NOT NULL
        AND democracy_index IS NOT NULL
        AND corruption IS NOT NULL
        AND population IS NOT NULL
     | 30 ms
[2026-07-28T19:07:17.704Z] SQL (get): 
      SELECT MIN(year) as min_year, MAX(year) as max_year
      FROM all_data
      WHERE year IS NOT NULL
        AND hdi IS NOT NULL
        AND fertility IS NOT NULL
     | 61 ms
[2026-07-28T19:07:17.720Z] SQL (all): 
      SELECT country_code, year, democracy_index as x_value, corruption as y_value, population as s_value
      FROM all_data
      WHERE year = ? AND democracy_index IS NOT NULL AND corruption IS NOT NULL AND population IS NOT NULL
     | params: [2023] | 11 ms
[2026-07-28T19:07:17.724Z] SQL (all): 
      SELECT country_code, year, hdi as x_value, fertility as y_value
      FROM all_data
      WHERE year = ? AND hdi IS NOT NULL AND fertility IS NOT NULL
     | params: [2023] | 12 ms
[2026-07-28T19:07:17.782Z] SQL (all): 
      SELECT country_code, year, democracy_index as x_value, corruption as y_value
      FROM all_data
      WHERE democracy_index IS NOT NULL AND corruption IS NOT NULL
      ORDER BY year, country_code
     | 50 ms
[2026-07-28T19:07:17.876Z] SQL (all): 
      SELECT country_code, year, hdi as x_value, fertility as y_value
      FROM all_data
      WHERE hdi IS NOT NULL AND fertility IS NOT NULL
      ORDER BY year, country_code
     | 142 ms
[2026-07-28T19:07:17.961Z] SQL (get): 
      SELECT MIN(population) as min_value, MAX(population) as max_value
      FROM all_data
      WHERE population IS NOT NULL
     | 147 ms
[2026-07-28T19:07:18.016Z] SQL (all): 
      SELECT country_code, year, access_to_clean_fuels, access_to_electricity, annual_gdp_growth, arable_land_percent, birth_rate, child_mortality, co2_emissions_per_capita, co2_emissions_total, consumer_price_index, corruption, corruption_perceptions_index, crime_rate, current_account_balance_percent_gdp, death_rate, debt_to_gdp, democracy_index, education_expenditure_percent_gdp, exports_percent_gdp, fdi_net_inflows, female_enrollment_tertiary, female_labor_force_participation, fertility, fixed_broadband_per100, forest_area_percent, gdp, gdp_per_capita, gdp_ppp, gender_inequality, gini, greenhouse_gas_emissions_per_capita, gross_savings_percent_gdp, hdi, health_expenditure_per_capita, health_expenditure_percent_gdp, hightech_exports_percent, homicide_rate, hospital_beds_per1000, human_capital_index, human_rights_score, ict_goods_exports_percent, immunization_dpt, immunization_measles, inflation, internet_users_percent, learning_adjusted_years_of_school, life_expectancy, life_satisfaction_index, literacy_rate_adult, literacy_rate_youth, logistics_performance_index, maternal_mortality_ratio, median_age, military_expenditure_percent_gdp, military_expenditure_total, mobile_subscriptions_per100, mortality_rate_under5, nuclear_energy_share, nurses_midwives_per1000, patent_applications_residents, physicians_per1000, pisa_reading_score, pm25_air_pollution, population, population_growth_rate, poverty_ratio, press_freedom, pupil_teacher_ratio_primary, rd_expenditure_percent_gdp, renewable_electricity_output, renewable_energy_percent, renewable_energy_share_total, rule_of_law, sanitation_access_safe, school_enrollment_primary, school_enrollment_secondary, school_enrollment_tertiary, secure_internet_servers_per_million, share_electricity_renewables, share_using_internet, terrorism_deaths, trade_percent_gdp, unemployment, urbanization, water_access_safe, water_stress_index, women_in_parliament
      FROM all_data
      WHERE year = ?
      ORDER BY country_code
     | params: [2023] | 30 ms
[2026-07-28T19:12:43.239Z] SQL (all): SELECT * FROM countries | 6 ms
[2026-07-28T19:12:43.340Z] SQL (all): PRAGMA table_info(all_data) | 3 ms
[2026-07-28T19:12:43.352Z] SQL (all): SELECT DISTINCT year FROM all_data WHERE year IS NOT NULL ORDER BY year DESC | 14 ms
[2026-07-28T19:12:43.353Z] SQL (get): SELECT MIN(year) as min_year, MAX(year) as max_year FROM all_data WHERE year IS NOT NULL | 15 ms
[2026-07-28T19:13:17.030Z] SQL (get): 
    SELECT MIN(year) as min_year, MAX(year) as max_year
    FROM all_data
    WHERE year IS NOT NULL
   | 16 ms
[2026-07-28T19:13:17.110Z] SQL (get): 
      SELECT MIN(year) as min_year, MAX(year) as max_year
      FROM all_data
      WHERE year IS NOT NULL
        AND hdi IS NOT NULL
        AND fertility IS NOT NULL
     | 55 ms
[2026-07-28T19:13:17.111Z] SQL (get): 
      SELECT MIN(year) as min_year, MAX(year) as max_year
      FROM all_data
      WHERE year IS NOT NULL
        AND democracy_index IS NOT NULL
        AND corruption IS NOT NULL
        AND population IS NOT NULL
     | 56 ms
[2026-07-28T19:13:17.127Z] SQL (all): 
      SELECT country_code, year, democracy_index as x_value, corruption as y_value, population as s_value
      FROM all_data
      WHERE year = ? AND democracy_index IS NOT NULL AND corruption IS NOT NULL AND population IS NOT NULL
     | params: [2023] | 8 ms
[2026-07-28T19:13:17.130Z] SQL (all): 
      SELECT country_code, year, hdi as x_value, fertility as y_value
      FROM all_data
      WHERE year = ? AND hdi IS NOT NULL AND fertility IS NOT NULL
     | params: [2023] | 10 ms
[2026-07-28T19:13:17.184Z] SQL (all): 
      SELECT country_code, year, democracy_index as x_value, corruption as y_value
      FROM all_data
      WHERE democracy_index IS NOT NULL AND corruption IS NOT NULL
      ORDER BY year, country_code
     | 46 ms
[2026-07-28T19:13:17.240Z] SQL (all): 
      SELECT country_code, year, hdi as x_value, fertility as y_value
      FROM all_data
      WHERE hdi IS NOT NULL AND fertility IS NOT NULL
      ORDER BY year, country_code
     | 101 ms
[2026-07-28T19:13:17.339Z] SQL (get): 
      SELECT MIN(population) as min_value, MAX(population) as max_value
      FROM all_data
      WHERE population IS NOT NULL
     | 59 ms
[2026-07-28T19:13:17.393Z] SQL (all): 
      SELECT country_code, year, access_to_clean_fuels, access_to_electricity, annual_gdp_growth, arable_land_percent, birth_rate, child_mortality, co2_emissions_per_capita, co2_emissions_total, consumer_price_index, corruption, corruption_perceptions_index, crime_rate, current_account_balance_percent_gdp, death_rate, debt_to_gdp, democracy_index, education_expenditure_percent_gdp, exports_percent_gdp, fdi_net_inflows, female_enrollment_tertiary, female_labor_force_participation, fertility, fixed_broadband_per100, forest_area_percent, gdp, gdp_per_capita, gdp_ppp, gender_inequality, gini, greenhouse_gas_emissions_per_capita, gross_savings_percent_gdp, hdi, health_expenditure_per_capita, health_expenditure_percent_gdp, hightech_exports_percent, homicide_rate, hospital_beds_per1000, human_capital_index, human_rights_score, ict_goods_exports_percent, immunization_dpt, immunization_measles, inflation, internet_users_percent, learning_adjusted_years_of_school, life_expectancy, life_satisfaction_index, literacy_rate_adult, literacy_rate_youth, logistics_performance_index, maternal_mortality_ratio, median_age, military_expenditure_percent_gdp, military_expenditure_total, mobile_subscriptions_per100, mortality_rate_under5, nuclear_energy_share, nurses_midwives_per1000, patent_applications_residents, physicians_per1000, pisa_reading_score, pm25_air_pollution, population, population_growth_rate, poverty_ratio, press_freedom, pupil_teacher_ratio_primary, rd_expenditure_percent_gdp, renewable_electricity_output, renewable_energy_percent, renewable_energy_share_total, rule_of_law, sanitation_access_safe, school_enrollment_primary, school_enrollment_secondary, school_enrollment_tertiary, secure_internet_servers_per_million, share_electricity_renewables, share_using_internet, terrorism_deaths, trade_percent_gdp, unemployment, urbanization, water_access_safe, water_stress_index, women_in_parliament
      FROM all_data
      WHERE year = ?
      ORDER BY country_code
     | params: [2023] | 23 ms
[2026-07-28T19:15:28.494Z] SQL (all): SELECT * FROM countries | 6 ms
[2026-07-28T19:15:28.585Z] SQL (all): PRAGMA table_info(all_data) | 2 ms
[2026-07-28T19:15:28.598Z] SQL (all): SELECT DISTINCT year FROM all_data WHERE year IS NOT NULL ORDER BY year DESC | 14 ms
[2026-07-28T19:15:28.599Z] SQL (get): SELECT MIN(year) as min_year, MAX(year) as max_year FROM all_data WHERE year IS NOT NULL | 15 ms
[2026-07-28T19:15:41.425Z] SQL (get): 
    SELECT MIN(year) as min_year, MAX(year) as max_year
    FROM all_data
    WHERE year IS NOT NULL
   | 6 ms
[2026-07-28T19:15:41.505Z] SQL (get): 
      SELECT MIN(year) as min_year, MAX(year) as max_year
      FROM all_data
      WHERE year IS NOT NULL
        AND democracy_index IS NOT NULL
        AND corruption IS NOT NULL
        AND population IS NOT NULL
     | 33 ms
[2026-07-28T19:15:41.540Z] SQL (get): 
      SELECT MIN(year) as min_year, MAX(year) as max_year
      FROM all_data
      WHERE year IS NOT NULL
        AND hdi IS NOT NULL
        AND fertility IS NOT NULL
     | 68 ms
[2026-07-28T19:15:41.553Z] SQL (all): 
      SELECT country_code, year, democracy_index as x_value, corruption as y_value, population as s_value
      FROM all_data
      WHERE year = ? AND democracy_index IS NOT NULL AND corruption IS NOT NULL AND population IS NOT NULL
     | params: [2023] | 8 ms
[2026-07-28T19:15:41.556Z] SQL (all): 
      SELECT country_code, year, hdi as x_value, fertility as y_value
      FROM all_data
      WHERE year = ? AND hdi IS NOT NULL AND fertility IS NOT NULL
     | params: [2023] | 10 ms
[2026-07-28T19:15:41.620Z] SQL (all): 
      SELECT country_code, year, democracy_index as x_value, corruption as y_value
      FROM all_data
      WHERE democracy_index IS NOT NULL AND corruption IS NOT NULL
      ORDER BY year, country_code
     | 51 ms
[2026-07-28T19:15:41.712Z] SQL (all): 
      SELECT country_code, year, hdi as x_value, fertility as y_value
      FROM all_data
      WHERE hdi IS NOT NULL AND fertility IS NOT NULL
      ORDER BY year, country_code
     | 136 ms
[2026-07-28T19:15:41.795Z] SQL (get): 
      SELECT MIN(population) as min_value, MAX(population) as max_value
      FROM all_data
      WHERE population IS NOT NULL
     | 129 ms
[2026-07-28T19:15:41.851Z] SQL (all): 
      SELECT country_code, year, access_to_clean_fuels, access_to_electricity, annual_gdp_growth, arable_land_percent, birth_rate, child_mortality, co2_emissions_per_capita, co2_emissions_total, consumer_price_index, corruption, corruption_perceptions_index, crime_rate, current_account_balance_percent_gdp, death_rate, debt_to_gdp, democracy_index, education_expenditure_percent_gdp, exports_percent_gdp, fdi_net_inflows, female_enrollment_tertiary, female_labor_force_participation, fertility, fixed_broadband_per100, forest_area_percent, gdp, gdp_per_capita, gdp_ppp, gender_inequality, gini, greenhouse_gas_emissions_per_capita, gross_savings_percent_gdp, hdi, health_expenditure_per_capita, health_expenditure_percent_gdp, hightech_exports_percent, homicide_rate, hospital_beds_per1000, human_capital_index, human_rights_score, ict_goods_exports_percent, immunization_dpt, immunization_measles, inflation, internet_users_percent, learning_adjusted_years_of_school, life_expectancy, life_satisfaction_index, literacy_rate_adult, literacy_rate_youth, logistics_performance_index, maternal_mortality_ratio, median_age, military_expenditure_percent_gdp, military_expenditure_total, mobile_subscriptions_per100, mortality_rate_under5, nuclear_energy_share, nurses_midwives_per1000, patent_applications_residents, physicians_per1000, pisa_reading_score, pm25_air_pollution, population, population_growth_rate, poverty_ratio, press_freedom, pupil_teacher_ratio_primary, rd_expenditure_percent_gdp, renewable_electricity_output, renewable_energy_percent, renewable_energy_share_total, rule_of_law, sanitation_access_safe, school_enrollment_primary, school_enrollment_secondary, school_enrollment_tertiary, secure_internet_servers_per_million, share_electricity_renewables, share_using_internet, terrorism_deaths, trade_percent_gdp, unemployment, urbanization, water_access_safe, water_stress_index, women_in_parliament
      FROM all_data
      WHERE year = ?
      ORDER BY country_code
     | params: [2023] | 20 ms
[2026-07-28T19:19:45.650Z] SQL (all): 
    SELECT country_code, year, gdp_ppp, life_satisfaction_index, press_freedom
    FROM all_data
    WHERE country_code IN (?,?,?)
    ORDER BY country_code, year ASC
   | params: ["CHN","IND","USA"] | 4 ms
[2026-07-28T19:19:47.092Z] SQL (get): 
      SELECT MIN(year) as min_year, MAX(year) as max_year
      FROM all_data
      WHERE year IS NOT NULL
        AND median_age IS NOT NULL
     | 32 ms
[2026-07-28T19:19:47.129Z] SQL (get): 
      SELECT MIN(median_age) as min_value, MAX(median_age) as max_value
      FROM all_data
      WHERE median_age IS NOT NULL
     | 31 ms
[2026-07-28T19:19:47.170Z] SQL (all): 
      SELECT country_code, year, access_to_clean_fuels, access_to_electricity, annual_gdp_growth, arable_land_percent, birth_rate, child_mortality, co2_emissions_per_capita, co2_emissions_total, consumer_price_index, corruption, corruption_perceptions_index, crime_rate, current_account_balance_percent_gdp, death_rate, debt_to_gdp, democracy_index, education_expenditure_percent_gdp, exports_percent_gdp, fdi_net_inflows, female_enrollment_tertiary, female_labor_force_participation, fertility, fixed_broadband_per100, forest_area_percent, gdp, gdp_per_capita, gdp_ppp, gender_inequality, gini, greenhouse_gas_emissions_per_capita, gross_savings_percent_gdp, hdi, health_expenditure_per_capita, health_expenditure_percent_gdp, hightech_exports_percent, homicide_rate, hospital_beds_per1000, human_capital_index, human_rights_score, ict_goods_exports_percent, immunization_dpt, immunization_measles, inflation, internet_users_percent, learning_adjusted_years_of_school, life_expectancy, life_satisfaction_index, literacy_rate_adult, literacy_rate_youth, logistics_performance_index, maternal_mortality_ratio, median_age, military_expenditure_percent_gdp, military_expenditure_total, mobile_subscriptions_per100, mortality_rate_under5, nuclear_energy_share, nurses_midwives_per1000, patent_applications_residents, physicians_per1000, pisa_reading_score, pm25_air_pollution, population, population_growth_rate, poverty_ratio, press_freedom, pupil_teacher_ratio_primary, rd_expenditure_percent_gdp, renewable_electricity_output, renewable_energy_percent, renewable_energy_share_total, rule_of_law, sanitation_access_safe, school_enrollment_primary, school_enrollment_secondary, school_enrollment_tertiary, secure_internet_servers_per_million, share_electricity_renewables, share_using_internet, terrorism_deaths, trade_percent_gdp, unemployment, urbanization, water_access_safe, water_stress_index, women_in_parliament
      FROM all_data
      WHERE year = ?
      ORDER BY country_code
     | params: [2025] | 28 ms
[2026-07-28T19:19:48.364Z] SQL (get): 
        SELECT MIN(year) as min_year, MAX(year) as max_year
        FROM all_data
        WHERE year IS NOT NULL
          AND (democracy_index IS NOT NULL OR corruption IS NOT NULL OR corruption_perceptions_index IS NOT NULL OR press_freedom IS NOT NULL OR rule_of_law IS NOT NULL OR human_rights_score IS NOT NULL OR gdp IS NOT NULL OR annual_gdp_growth IS NOT NULL OR gdp_per_capita IS NOT NULL OR gdp_ppp IS NOT NULL OR debt_to_gdp IS NOT NULL OR inflation IS NOT NULL OR unemployment IS NOT NULL OR gini IS NOT NULL OR fdi_net_inflows IS NOT NULL OR trade_percent_gdp IS NOT NULL OR exports_percent_gdp IS NOT NULL OR gross_savings_percent_gdp IS NOT NULL OR current_account_balance_percent_gdp IS NOT NULL OR internet_users_percent IS NOT NULL OR share_using_internet IS NOT NULL OR mobile_subscriptions_per100 IS NOT NULL OR fixed_broadband_per100 IS NOT NULL OR rd_expenditure_percent_gdp IS NOT NULL OR patent_applications_residents IS NOT NULL OR hightech_exports_percent IS NOT NULL OR ict_goods_exports_percent IS NOT NULL OR secure_internet_servers_per_million IS NOT NULL OR education_expenditure_percent_gdp IS NOT NULL OR literacy_rate_adult IS NOT NULL OR literacy_rate_youth IS NOT NULL OR school_enrollment_primary IS NOT NULL OR school_enrollment_secondary IS NOT NULL OR school_enrollment_tertiary IS NOT NULL OR pupil_teacher_ratio_primary IS NOT NULL OR learning_adjusted_years_of_school IS NOT NULL OR life_expectancy IS NOT NULL OR hospital_beds_per1000 IS NOT NULL OR physicians_per1000 IS NOT NULL OR nurses_midwives_per1000 IS NOT NULL OR health_expenditure_percent_gdp IS NOT NULL OR health_expenditure_per_capita IS NOT NULL OR immunization_measles IS NOT NULL OR immunization_dpt IS NOT NULL OR mortality_rate_under5 IS NOT NULL OR child_mortality IS NOT NULL OR maternal_mortality_ratio IS NOT NULL OR birth_rate IS NOT NULL OR death_rate IS NOT NULL OR co2_emissions_per_capita IS NOT NULL OR co2_emissions_total IS NOT NULL OR greenhouse_gas_emissions_per_capita IS NOT NULL OR forest_area_percent IS NOT NULL OR renewable_energy_percent IS NOT NULL OR renewable_electricity_output IS NOT NULL OR renewable_energy_share_total IS NOT NULL OR share_electricity_renewables IS NOT NULL OR nuclear_energy_share IS NOT NULL OR access_to_electricity IS NOT NULL OR pm25_air_pollution IS NOT NULL OR arable_land_percent IS NOT NULL OR access_to_clean_fuels IS NOT NULL OR population IS NOT NULL OR fertility IS NOT NULL OR median_age IS NOT NULL OR urbanization IS NOT NULL OR hdi IS NOT NULL OR life_satisfaction_index IS NOT NULL OR poverty_ratio IS NOT NULL OR homicide_rate IS NOT NULL OR military_expenditure_percent_gdp IS NOT NULL OR military_expenditure_total IS NOT NULL OR terrorism_deaths IS NOT NULL OR gender_inequality IS NOT NULL OR female_labor_force_participation IS NOT NULL OR women_in_parliament IS NOT NULL OR female_enrollment_tertiary IS NOT NULL OR sanitation_access_safe IS NOT NULL OR population_growth_rate IS NOT NULL OR logistics_performance_index IS NOT NULL OR consumer_price_index IS NOT NULL OR human_capital_index IS NOT NULL OR pisa_reading_score IS NOT NULL OR crime_rate IS NOT NULL OR water_stress_index IS NOT NULL OR water_access_safe IS NOT NULL)
       | 42 ms
[2026-07-28T19:34:29.867Z] SQL (all): SELECT * FROM countries | 5 ms
[2026-07-28T19:34:29.969Z] SQL (all): PRAGMA table_info(all_data) | 4 ms
[2026-07-28T19:34:29.980Z] SQL (all): SELECT DISTINCT year FROM all_data WHERE year IS NOT NULL ORDER BY year DESC | 14 ms
[2026-07-28T19:34:29.980Z] SQL (get): SELECT MIN(year) as min_year, MAX(year) as max_year FROM all_data WHERE year IS NOT NULL | 14 ms
[2026-07-28T19:35:12.793Z] SQL (get): 
    SELECT MIN(year) as min_year, MAX(year) as max_year
    FROM all_data
    WHERE year IS NOT NULL
   | 10 ms
[2026-07-28T19:35:12.891Z] SQL (get): 
      SELECT MIN(year) as min_year, MAX(year) as max_year
      FROM all_data
      WHERE year IS NOT NULL
        AND democracy_index IS NOT NULL
        AND corruption IS NOT NULL
        AND population IS NOT NULL
     | 35 ms
[2026-07-28T19:35:12.923Z] SQL (get): 
      SELECT MIN(year) as min_year, MAX(year) as max_year
      FROM all_data
      WHERE year IS NOT NULL
        AND hdi IS NOT NULL
        AND fertility IS NOT NULL
     | 67 ms
[2026-07-28T19:35:12.939Z] SQL (all): 
      SELECT country_code, year, democracy_index as x_value, corruption as y_value, population as s_value
      FROM all_data
      WHERE year = ? AND democracy_index IS NOT NULL AND corruption IS NOT NULL AND population IS NOT NULL
     | params: [2023] | 9 ms
[2026-07-28T19:35:12.942Z] SQL (all): 
      SELECT country_code, year, hdi as x_value, fertility as y_value
      FROM all_data
      WHERE year = ? AND hdi IS NOT NULL AND fertility IS NOT NULL
     | params: [2023] | 10 ms
[2026-07-28T19:35:13.032Z] SQL (all): 
      SELECT country_code, year, democracy_index as x_value, corruption as y_value
      FROM all_data
      WHERE democracy_index IS NOT NULL AND corruption IS NOT NULL
      ORDER BY year, country_code
     | 49 ms
[2026-07-28T19:35:13.088Z] SQL (all): 
      SELECT country_code, year, hdi as x_value, fertility as y_value
      FROM all_data
      WHERE hdi IS NOT NULL AND fertility IS NOT NULL
      ORDER BY year, country_code
     | 105 ms
[2026-07-28T19:35:13.205Z] SQL (get): 
      SELECT MIN(population) as min_value, MAX(population) as max_value
      FROM all_data
      WHERE population IS NOT NULL
     | 65 ms
[2026-07-28T19:35:13.254Z] SQL (all): 
      SELECT country_code, year, access_to_clean_fuels, access_to_electricity, annual_gdp_growth, arable_land_percent, birth_rate, child_mortality, co2_emissions_per_capita, co2_emissions_total, consumer_price_index, corruption, corruption_perceptions_index, crime_rate, current_account_balance_percent_gdp, death_rate, debt_to_gdp, democracy_index, education_expenditure_percent_gdp, exports_percent_gdp, fdi_net_inflows, female_enrollment_tertiary, female_labor_force_participation, fertility, fixed_broadband_per100, forest_area_percent, gdp, gdp_per_capita, gdp_ppp, gender_inequality, gini, greenhouse_gas_emissions_per_capita, gross_savings_percent_gdp, hdi, health_expenditure_per_capita, health_expenditure_percent_gdp, hightech_exports_percent, homicide_rate, hospital_beds_per1000, human_capital_index, human_rights_score, ict_goods_exports_percent, immunization_dpt, immunization_measles, inflation, internet_users_percent, learning_adjusted_years_of_school, life_expectancy, life_satisfaction_index, literacy_rate_adult, literacy_rate_youth, logistics_performance_index, maternal_mortality_ratio, median_age, military_expenditure_percent_gdp, military_expenditure_total, mobile_subscriptions_per100, mortality_rate_under5, nuclear_energy_share, nurses_midwives_per1000, patent_applications_residents, physicians_per1000, pisa_reading_score, pm25_air_pollution, population, population_growth_rate, poverty_ratio, press_freedom, pupil_teacher_ratio_primary, rd_expenditure_percent_gdp, renewable_electricity_output, renewable_energy_percent, renewable_energy_share_total, rule_of_law, sanitation_access_safe, school_enrollment_primary, school_enrollment_secondary, school_enrollment_tertiary, secure_internet_servers_per_million, share_electricity_renewables, share_using_internet, terrorism_deaths, trade_percent_gdp, unemployment, urbanization, water_access_safe, water_stress_index, women_in_parliament
      FROM all_data
      WHERE year = ?
      ORDER BY country_code
     | params: [2023] | 21 ms
[2026-07-28T19:37:16.735Z] SQL (all): 
    SELECT country_code, year, gdp_ppp, life_satisfaction_index, press_freedom
    FROM all_data
    WHERE country_code IN (?,?,?)
    ORDER BY country_code, year ASC
   | params: ["CHN","IND","USA"] | 8 ms
[2026-07-29T11:47:56.968Z] SQL (all): SELECT * FROM countries | 11 ms
[2026-07-29T11:47:57.065Z] SQL (all): PRAGMA table_info(all_data) | 3 ms
[2026-07-29T11:47:57.091Z] SQL (all): SELECT DISTINCT year FROM all_data WHERE year IS NOT NULL ORDER BY year DESC | 29 ms
[2026-07-29T11:47:57.091Z] SQL (get): SELECT MIN(year) as min_year, MAX(year) as max_year FROM all_data WHERE year IS NOT NULL | 28 ms
[2026-07-29T11:49:43.424Z] SQL (get): 
    SELECT MIN(year) as min_year, MAX(year) as max_year
    FROM all_data
    WHERE year IS NOT NULL
   | 3 ms
[2026-07-29T11:49:43.687Z] SQL (get): 
      SELECT MIN(year) as min_year, MAX(year) as max_year
      FROM all_data
      WHERE year IS NOT NULL
        AND democracy_index IS NOT NULL
        AND corruption IS NOT NULL
        AND population IS NOT NULL
     | 253 ms
[2026-07-29T11:49:43.716Z] SQL (get): 
      SELECT MIN(year) as min_year, MAX(year) as max_year
      FROM all_data
      WHERE year IS NOT NULL
        AND hdi IS NOT NULL
        AND fertility IS NOT NULL
     | 282 ms
[2026-07-29T11:49:43.721Z] SQL (all): 
      SELECT country_code, year, democracy_index as x_value, corruption as y_value, population as s_value
      FROM all_data
      WHERE year = ? AND democracy_index IS NOT NULL AND corruption IS NOT NULL AND population IS NOT NULL
     | params: [2025] | 3 ms
[2026-07-29T11:49:43.723Z] SQL (all): 
      SELECT country_code, year, hdi as x_value, fertility as y_value
      FROM all_data
      WHERE year = ? AND hdi IS NOT NULL AND fertility IS NOT NULL
     | params: [2025] | 4 ms
[2026-07-29T11:49:43.727Z] SQL (all): 
      SELECT country_code, year, hdi as x_value, fertility as y_value
      FROM all_data
      WHERE year = ? AND hdi IS NOT NULL AND fertility IS NOT NULL
     | params: [2023] | 1 ms
[2026-07-29T11:49:43.729Z] SQL (all): 
      SELECT country_code, year, democracy_index as x_value, corruption as y_value, population as s_value
      FROM all_data
      WHERE year = ? AND democracy_index IS NOT NULL AND corruption IS NOT NULL AND population IS NOT NULL
     | params: [2023] | 4 ms
[2026-07-29T11:49:43.766Z] SQL (all): 
      SELECT country_code, year, democracy_index as x_value, corruption as y_value
      FROM all_data
      WHERE democracy_index IS NOT NULL AND corruption IS NOT NULL
      ORDER BY year, country_code
     | 21 ms
[2026-07-29T11:49:43.815Z] SQL (all): 
      SELECT country_code, year, hdi as x_value, fertility as y_value
      FROM all_data
      WHERE hdi IS NOT NULL AND fertility IS NOT NULL
      ORDER BY year, country_code
     | 69 ms
[2026-07-29T11:49:43.891Z] SQL (get): 
      SELECT MIN(population) as min_value, MAX(population) as max_value
      FROM all_data
      WHERE population IS NOT NULL
     | 107 ms
[2026-07-29T11:49:43.975Z] SQL (all): 
      SELECT country_code, year, access_to_clean_fuels, access_to_electricity, annual_gdp_growth, arable_land_percent, birth_rate, child_mortality, co2_emissions_per_capita, co2_emissions_total, consumer_price_index, corruption, corruption_perceptions_index, crime_rate, current_account_balance_percent_gdp, death_rate, debt_to_gdp, democracy_index, education_expenditure_percent_gdp, exports_percent_gdp, fdi_net_inflows, female_enrollment_tertiary, female_labor_force_participation, fertility, fixed_broadband_per100, forest_area_percent, gdp, gdp_per_capita, gdp_ppp, gender_inequality, gini, greenhouse_gas_emissions_per_capita, gross_savings_percent_gdp, hdi, health_expenditure_per_capita, health_expenditure_percent_gdp, hightech_exports_percent, homicide_rate, hospital_beds_per1000, human_capital_index, human_rights_score, ict_goods_exports_percent, immunization_dpt, immunization_measles, inflation, internet_users_percent, learning_adjusted_years_of_school, life_expectancy, life_satisfaction_index, literacy_rate_adult, literacy_rate_youth, logistics_performance_index, maternal_mortality_ratio, median_age, military_expenditure_percent_gdp, military_expenditure_total, mobile_subscriptions_per100, mortality_rate_under5, nuclear_energy_share, nurses_midwives_per1000, patent_applications_residents, physicians_per1000, pisa_reading_score, pm25_air_pollution, population, population_growth_rate, poverty_ratio, press_freedom, pupil_teacher_ratio_primary, rd_expenditure_percent_gdp, renewable_electricity_output, renewable_energy_percent, renewable_energy_share_total, rule_of_law, sanitation_access_safe, school_enrollment_primary, school_enrollment_secondary, school_enrollment_tertiary, secure_internet_servers_per_million, share_electricity_renewables, share_using_internet, terrorism_deaths, trade_percent_gdp, unemployment, urbanization, water_access_safe, water_stress_index, women_in_parliament
      FROM all_data
      WHERE year = ?
      ORDER BY country_code
     | params: [2023] | 15 ms
[2026-07-29T11:52:22.322Z] SQL (all): SELECT * FROM countries | 4 ms
[2026-07-29T11:52:22.422Z] SQL (all): PRAGMA table_info(all_data) | 2 ms
[2026-07-29T11:52:22.431Z] SQL (all): SELECT DISTINCT year FROM all_data WHERE year IS NOT NULL ORDER BY year DESC | 10 ms
[2026-07-29T11:52:22.432Z] SQL (get): SELECT MIN(year) as min_year, MAX(year) as max_year FROM all_data WHERE year IS NOT NULL | 11 ms
[2026-07-29T11:52:26.129Z] SQL (get): 
    SELECT MIN(year) as min_year, MAX(year) as max_year
    FROM all_data
    WHERE year IS NOT NULL
   | 2 ms
[2026-07-29T11:52:26.189Z] SQL (get): 
      SELECT MIN(year) as min_year, MAX(year) as max_year
      FROM all_data
      WHERE year IS NOT NULL
        AND hdi IS NOT NULL
        AND fertility IS NOT NULL
     | 37 ms
[2026-07-29T11:52:26.190Z] SQL (get): 
      SELECT MIN(year) as min_year, MAX(year) as max_year
      FROM all_data
      WHERE year IS NOT NULL
        AND democracy_index IS NOT NULL
        AND corruption IS NOT NULL
        AND population IS NOT NULL
     | 38 ms
[2026-07-29T11:52:26.199Z] SQL (all): 
      SELECT country_code, year, democracy_index as x_value, corruption as y_value, population as s_value
      FROM all_data
      WHERE year = ? AND democracy_index IS NOT NULL AND corruption IS NOT NULL AND population IS NOT NULL
     | params: [2023] | 5 ms
[2026-07-29T11:52:26.202Z] SQL (all): 
      SELECT country_code, year, hdi as x_value, fertility as y_value
      FROM all_data
      WHERE year = ? AND hdi IS NOT NULL AND fertility IS NOT NULL
     | params: [2023] | 7 ms
[2026-07-29T11:52:26.230Z] SQL (all): 
      SELECT country_code, year, democracy_index as x_value, corruption as y_value
      FROM all_data
      WHERE democracy_index IS NOT NULL AND corruption IS NOT NULL
      ORDER BY year, country_code
     | 24 ms
[2026-07-29T11:52:26.276Z] SQL (all): 
      SELECT country_code, year, hdi as x_value, fertility as y_value
      FROM all_data
      WHERE hdi IS NOT NULL AND fertility IS NOT NULL
      ORDER BY year, country_code
     | 67 ms
[2026-07-29T11:52:26.316Z] SQL (get): 
      SELECT MIN(population) as min_value, MAX(population) as max_value
      FROM all_data
      WHERE population IS NOT NULL
     | 70 ms
[2026-07-29T11:52:26.341Z] SQL (all): 
      SELECT country_code, year, access_to_clean_fuels, access_to_electricity, annual_gdp_growth, arable_land_percent, birth_rate, child_mortality, co2_emissions_per_capita, co2_emissions_total, consumer_price_index, corruption, corruption_perceptions_index, crime_rate, current_account_balance_percent_gdp, death_rate, debt_to_gdp, democracy_index, education_expenditure_percent_gdp, exports_percent_gdp, fdi_net_inflows, female_enrollment_tertiary, female_labor_force_participation, fertility, fixed_broadband_per100, forest_area_percent, gdp, gdp_per_capita, gdp_ppp, gender_inequality, gini, greenhouse_gas_emissions_per_capita, gross_savings_percent_gdp, hdi, health_expenditure_per_capita, health_expenditure_percent_gdp, hightech_exports_percent, homicide_rate, hospital_beds_per1000, human_capital_index, human_rights_score, ict_goods_exports_percent, immunization_dpt, immunization_measles, inflation, internet_users_percent, learning_adjusted_years_of_school, life_expectancy, life_satisfaction_index, literacy_rate_adult, literacy_rate_youth, logistics_performance_index, maternal_mortality_ratio, median_age, military_expenditure_percent_gdp, military_expenditure_total, mobile_subscriptions_per100, mortality_rate_under5, nuclear_energy_share, nurses_midwives_per1000, patent_applications_residents, physicians_per1000, pisa_reading_score, pm25_air_pollution, population, population_growth_rate, poverty_ratio, press_freedom, pupil_teacher_ratio_primary, rd_expenditure_percent_gdp, renewable_electricity_output, renewable_energy_percent, renewable_energy_share_total, rule_of_law, sanitation_access_safe, school_enrollment_primary, school_enrollment_secondary, school_enrollment_tertiary, secure_internet_servers_per_million, share_electricity_renewables, share_using_internet, terrorism_deaths, trade_percent_gdp, unemployment, urbanization, water_access_safe, water_stress_index, women_in_parliament
      FROM all_data
      WHERE year = ?
      ORDER BY country_code
     | params: [2023] | 10 ms
[2026-07-29T11:52:36.868Z] SQL (all): 
    SELECT country_code, year, gdp_ppp, life_satisfaction_index, press_freedom
    FROM all_data
    WHERE country_code IN (?,?,?)
    ORDER BY country_code, year ASC
   | params: ["CHN","IND","USA"] | 9 ms
[2026-07-29T11:52:38.382Z] SQL (get): 
      SELECT MIN(year) as min_year, MAX(year) as max_year
      FROM all_data
      WHERE year IS NOT NULL
        AND median_age IS NOT NULL
     | 18 ms
[2026-07-29T11:52:38.399Z] SQL (get): 
      SELECT MIN(median_age) as min_value, MAX(median_age) as max_value
      FROM all_data
      WHERE median_age IS NOT NULL
     | 15 ms
[2026-07-29T11:52:38.417Z] SQL (all): 
      SELECT country_code, year, access_to_clean_fuels, access_to_electricity, annual_gdp_growth, arable_land_percent, birth_rate, child_mortality, co2_emissions_per_capita, co2_emissions_total, consumer_price_index, corruption, corruption_perceptions_index, crime_rate, current_account_balance_percent_gdp, death_rate, debt_to_gdp, democracy_index, education_expenditure_percent_gdp, exports_percent_gdp, fdi_net_inflows, female_enrollment_tertiary, female_labor_force_participation, fertility, fixed_broadband_per100, forest_area_percent, gdp, gdp_per_capita, gdp_ppp, gender_inequality, gini, greenhouse_gas_emissions_per_capita, gross_savings_percent_gdp, hdi, health_expenditure_per_capita, health_expenditure_percent_gdp, hightech_exports_percent, homicide_rate, hospital_beds_per1000, human_capital_index, human_rights_score, ict_goods_exports_percent, immunization_dpt, immunization_measles, inflation, internet_users_percent, learning_adjusted_years_of_school, life_expectancy, life_satisfaction_index, literacy_rate_adult, literacy_rate_youth, logistics_performance_index, maternal_mortality_ratio, median_age, military_expenditure_percent_gdp, military_expenditure_total, mobile_subscriptions_per100, mortality_rate_under5, nuclear_energy_share, nurses_midwives_per1000, patent_applications_residents, physicians_per1000, pisa_reading_score, pm25_air_pollution, population, population_growth_rate, poverty_ratio, press_freedom, pupil_teacher_ratio_primary, rd_expenditure_percent_gdp, renewable_electricity_output, renewable_energy_percent, renewable_energy_share_total, rule_of_law, sanitation_access_safe, school_enrollment_primary, school_enrollment_secondary, school_enrollment_tertiary, secure_internet_servers_per_million, share_electricity_renewables, share_using_internet, terrorism_deaths, trade_percent_gdp, unemployment, urbanization, water_access_safe, water_stress_index, women_in_parliament
      FROM all_data
      WHERE year = ?
      ORDER BY country_code
     | params: [2025] | 10 ms
[2026-07-29T11:52:41.499Z] SQL (get): 
        SELECT MIN(year) as min_year, MAX(year) as max_year
        FROM all_data
        WHERE year IS NOT NULL
          AND (democracy_index IS NOT NULL OR corruption IS NOT NULL OR corruption_perceptions_index IS NOT NULL OR press_freedom IS NOT NULL OR rule_of_law IS NOT NULL OR human_rights_score IS NOT NULL OR gdp IS NOT NULL OR annual_gdp_growth IS NOT NULL OR gdp_per_capita IS NOT NULL OR gdp_ppp IS NOT NULL OR debt_to_gdp IS NOT NULL OR inflation IS NOT NULL OR unemployment IS NOT NULL OR gini IS NOT NULL OR fdi_net_inflows IS NOT NULL OR trade_percent_gdp IS NOT NULL OR exports_percent_gdp IS NOT NULL OR gross_savings_percent_gdp IS NOT NULL OR current_account_balance_percent_gdp IS NOT NULL OR internet_users_percent IS NOT NULL OR share_using_internet IS NOT NULL OR mobile_subscriptions_per100 IS NOT NULL OR fixed_broadband_per100 IS NOT NULL OR rd_expenditure_percent_gdp IS NOT NULL OR patent_applications_residents IS NOT NULL OR hightech_exports_percent IS NOT NULL OR ict_goods_exports_percent IS NOT NULL OR secure_internet_servers_per_million IS NOT NULL OR education_expenditure_percent_gdp IS NOT NULL OR literacy_rate_adult IS NOT NULL OR literacy_rate_youth IS NOT NULL OR school_enrollment_primary IS NOT NULL OR school_enrollment_secondary IS NOT NULL OR school_enrollment_tertiary IS NOT NULL OR pupil_teacher_ratio_primary IS NOT NULL OR learning_adjusted_years_of_school IS NOT NULL OR life_expectancy IS NOT NULL OR hospital_beds_per1000 IS NOT NULL OR physicians_per1000 IS NOT NULL OR nurses_midwives_per1000 IS NOT NULL OR health_expenditure_percent_gdp IS NOT NULL OR health_expenditure_per_capita IS NOT NULL OR immunization_measles IS NOT NULL OR immunization_dpt IS NOT NULL OR mortality_rate_under5 IS NOT NULL OR child_mortality IS NOT NULL OR maternal_mortality_ratio IS NOT NULL OR birth_rate IS NOT NULL OR death_rate IS NOT NULL OR co2_emissions_per_capita IS NOT NULL OR co2_emissions_total IS NOT NULL OR greenhouse_gas_emissions_per_capita IS NOT NULL OR forest_area_percent IS NOT NULL OR renewable_energy_percent IS NOT NULL OR renewable_electricity_output IS NOT NULL OR renewable_energy_share_total IS NOT NULL OR share_electricity_renewables IS NOT NULL OR nuclear_energy_share IS NOT NULL OR access_to_electricity IS NOT NULL OR pm25_air_pollution IS NOT NULL OR arable_land_percent IS NOT NULL OR access_to_clean_fuels IS NOT NULL OR population IS NOT NULL OR fertility IS NOT NULL OR median_age IS NOT NULL OR urbanization IS NOT NULL OR hdi IS NOT NULL OR life_satisfaction_index IS NOT NULL OR poverty_ratio IS NOT NULL OR homicide_rate IS NOT NULL OR military_expenditure_percent_gdp IS NOT NULL OR military_expenditure_total IS NOT NULL OR terrorism_deaths IS NOT NULL OR gender_inequality IS NOT NULL OR female_labor_force_participation IS NOT NULL OR women_in_parliament IS NOT NULL OR female_enrollment_tertiary IS NOT NULL OR sanitation_access_safe IS NOT NULL OR population_growth_rate IS NOT NULL OR logistics_performance_index IS NOT NULL OR consumer_price_index IS NOT NULL OR human_capital_index IS NOT NULL OR pisa_reading_score IS NOT NULL OR crime_rate IS NOT NULL OR water_stress_index IS NOT NULL OR water_access_safe IS NOT NULL)
       | 23 ms
[2026-07-29T12:03:46.831Z] SQL (all): SELECT * FROM countries | 4 ms
[2026-07-29T12:03:46.937Z] SQL (all): PRAGMA table_info(all_data) | 2 ms
[2026-07-29T12:03:46.947Z] SQL (all): SELECT DISTINCT year FROM all_data WHERE year IS NOT NULL ORDER BY year DESC | 12 ms
[2026-07-29T12:03:46.948Z] SQL (get): SELECT MIN(year) as min_year, MAX(year) as max_year FROM all_data WHERE year IS NOT NULL | 12 ms
[2026-07-29T12:03:52.150Z] SQL (get): 
    SELECT MIN(year) as min_year, MAX(year) as max_year
    FROM all_data
    WHERE year IS NOT NULL
   | 4 ms
[2026-07-29T12:03:52.199Z] SQL (get): 
      SELECT MIN(year) as min_year, MAX(year) as max_year
      FROM all_data
      WHERE year IS NOT NULL
        AND democracy_index IS NOT NULL
        AND corruption IS NOT NULL
        AND population IS NOT NULL
     | 17 ms
[2026-07-29T12:03:52.218Z] SQL (get): 
      SELECT MIN(year) as min_year, MAX(year) as max_year
      FROM all_data
      WHERE year IS NOT NULL
        AND hdi IS NOT NULL
        AND fertility IS NOT NULL
     | 30 ms
[2026-07-29T12:03:52.221Z] SQL (all): 
      SELECT country_code, year, democracy_index as x_value, corruption as y_value, population as s_value
      FROM all_data
      WHERE year = ? AND democracy_index IS NOT NULL AND corruption IS NOT NULL AND population IS NOT NULL
     | params: [2023] | 5 ms
[2026-07-29T12:03:52.224Z] SQL (all): 
      SELECT country_code, year, hdi as x_value, fertility as y_value
      FROM all_data
      WHERE year = ? AND hdi IS NOT NULL AND fertility IS NOT NULL
     | params: [2023] | 5 ms
[2026-07-29T12:03:52.263Z] SQL (all): 
      SELECT country_code, year, democracy_index as x_value, corruption as y_value
      FROM all_data
      WHERE democracy_index IS NOT NULL AND corruption IS NOT NULL
      ORDER BY year, country_code
     | 23 ms
[2026-07-29T12:03:52.300Z] SQL (all): 
      SELECT country_code, year, hdi as x_value, fertility as y_value
      FROM all_data
      WHERE hdi IS NOT NULL AND fertility IS NOT NULL
      ORDER BY year, country_code
     | 59 ms
[2026-07-29T12:03:52.345Z] SQL (get): 
      SELECT MIN(population) as min_value, MAX(population) as max_value
      FROM all_data
      WHERE population IS NOT NULL
     | 30 ms
[2026-07-29T12:03:52.365Z] SQL (all): 
      SELECT country_code, year, access_to_clean_fuels, access_to_electricity, annual_gdp_growth, arable_land_percent, birth_rate, child_mortality, co2_emissions_per_capita, co2_emissions_total, consumer_price_index, corruption, corruption_perceptions_index, crime_rate, current_account_balance_percent_gdp, death_rate, debt_to_gdp, democracy_index, education_expenditure_percent_gdp, exports_percent_gdp, fdi_net_inflows, female_enrollment_tertiary, female_labor_force_participation, fertility, fixed_broadband_per100, forest_area_percent, gdp, gdp_per_capita, gdp_ppp, gender_inequality, gini, greenhouse_gas_emissions_per_capita, gross_savings_percent_gdp, hdi, health_expenditure_per_capita, health_expenditure_percent_gdp, hightech_exports_percent, homicide_rate, hospital_beds_per1000, human_capital_index, human_rights_score, ict_goods_exports_percent, immunization_dpt, immunization_measles, inflation, internet_users_percent, learning_adjusted_years_of_school, life_expectancy, life_satisfaction_index, literacy_rate_adult, literacy_rate_youth, logistics_performance_index, maternal_mortality_ratio, median_age, military_expenditure_percent_gdp, military_expenditure_total, mobile_subscriptions_per100, mortality_rate_under5, nuclear_energy_share, nurses_midwives_per1000, patent_applications_residents, physicians_per1000, pisa_reading_score, pm25_air_pollution, population, population_growth_rate, poverty_ratio, press_freedom, pupil_teacher_ratio_primary, rd_expenditure_percent_gdp, renewable_electricity_output, renewable_energy_percent, renewable_energy_share_total, rule_of_law, sanitation_access_safe, school_enrollment_primary, school_enrollment_secondary, school_enrollment_tertiary, secure_internet_servers_per_million, share_electricity_renewables, share_using_internet, terrorism_deaths, trade_percent_gdp, unemployment, urbanization, water_access_safe, water_stress_index, women_in_parliament
      FROM all_data
      WHERE year = ?
      ORDER BY country_code
     | params: [2023] | 11 ms
[2026-07-29T12:04:07.683Z] SQL (all): 
    SELECT country_code, year, gdp_ppp, life_satisfaction_index, press_freedom
    FROM all_data
    WHERE country_code IN (?,?,?)
    ORDER BY country_code, year ASC
   | params: ["CHN","IND","USA"] | 8 ms
[2026-07-29T12:04:09.022Z] SQL (get): 
      SELECT MIN(year) as min_year, MAX(year) as max_year
      FROM all_data
      WHERE year IS NOT NULL
        AND median_age IS NOT NULL
     | 16 ms
[2026-07-29T12:04:09.040Z] SQL (get): 
      SELECT MIN(median_age) as min_value, MAX(median_age) as max_value
      FROM all_data
      WHERE median_age IS NOT NULL
     | 14 ms
[2026-07-29T12:04:09.058Z] SQL (all): 
      SELECT country_code, year, access_to_clean_fuels, access_to_electricity, annual_gdp_growth, arable_land_percent, birth_rate, child_mortality, co2_emissions_per_capita, co2_emissions_total, consumer_price_index, corruption, corruption_perceptions_index, crime_rate, current_account_balance_percent_gdp, death_rate, debt_to_gdp, democracy_index, education_expenditure_percent_gdp, exports_percent_gdp, fdi_net_inflows, female_enrollment_tertiary, female_labor_force_participation, fertility, fixed_broadband_per100, forest_area_percent, gdp, gdp_per_capita, gdp_ppp, gender_inequality, gini, greenhouse_gas_emissions_per_capita, gross_savings_percent_gdp, hdi, health_expenditure_per_capita, health_expenditure_percent_gdp, hightech_exports_percent, homicide_rate, hospital_beds_per1000, human_capital_index, human_rights_score, ict_goods_exports_percent, immunization_dpt, immunization_measles, inflation, internet_users_percent, learning_adjusted_years_of_school, life_expectancy, life_satisfaction_index, literacy_rate_adult, literacy_rate_youth, logistics_performance_index, maternal_mortality_ratio, median_age, military_expenditure_percent_gdp, military_expenditure_total, mobile_subscriptions_per100, mortality_rate_under5, nuclear_energy_share, nurses_midwives_per1000, patent_applications_residents, physicians_per1000, pisa_reading_score, pm25_air_pollution, population, population_growth_rate, poverty_ratio, press_freedom, pupil_teacher_ratio_primary, rd_expenditure_percent_gdp, renewable_electricity_output, renewable_energy_percent, renewable_energy_share_total, rule_of_law, sanitation_access_safe, school_enrollment_primary, school_enrollment_secondary, school_enrollment_tertiary, secure_internet_servers_per_million, share_electricity_renewables, share_using_internet, terrorism_deaths, trade_percent_gdp, unemployment, urbanization, water_access_safe, water_stress_index, women_in_parliament
      FROM all_data
      WHERE year = ?
      ORDER BY country_code
     | params: [2025] | 12 ms
[2026-07-29T12:04:10.077Z] SQL (get): 
        SELECT MIN(year) as min_year, MAX(year) as max_year
        FROM all_data
        WHERE year IS NOT NULL
          AND (democracy_index IS NOT NULL OR corruption IS NOT NULL OR corruption_perceptions_index IS NOT NULL OR press_freedom IS NOT NULL OR rule_of_law IS NOT NULL OR human_rights_score IS NOT NULL OR gdp IS NOT NULL OR annual_gdp_growth IS NOT NULL OR gdp_per_capita IS NOT NULL OR gdp_ppp IS NOT NULL OR debt_to_gdp IS NOT NULL OR inflation IS NOT NULL OR unemployment IS NOT NULL OR gini IS NOT NULL OR fdi_net_inflows IS NOT NULL OR trade_percent_gdp IS NOT NULL OR exports_percent_gdp IS NOT NULL OR gross_savings_percent_gdp IS NOT NULL OR current_account_balance_percent_gdp IS NOT NULL OR internet_users_percent IS NOT NULL OR share_using_internet IS NOT NULL OR mobile_subscriptions_per100 IS NOT NULL OR fixed_broadband_per100 IS NOT NULL OR rd_expenditure_percent_gdp IS NOT NULL OR patent_applications_residents IS NOT NULL OR hightech_exports_percent IS NOT NULL OR ict_goods_exports_percent IS NOT NULL OR secure_internet_servers_per_million IS NOT NULL OR education_expenditure_percent_gdp IS NOT NULL OR literacy_rate_adult IS NOT NULL OR literacy_rate_youth IS NOT NULL OR school_enrollment_primary IS NOT NULL OR school_enrollment_secondary IS NOT NULL OR school_enrollment_tertiary IS NOT NULL OR pupil_teacher_ratio_primary IS NOT NULL OR learning_adjusted_years_of_school IS NOT NULL OR life_expectancy IS NOT NULL OR hospital_beds_per1000 IS NOT NULL OR physicians_per1000 IS NOT NULL OR nurses_midwives_per1000 IS NOT NULL OR health_expenditure_percent_gdp IS NOT NULL OR health_expenditure_per_capita IS NOT NULL OR immunization_measles IS NOT NULL OR immunization_dpt IS NOT NULL OR mortality_rate_under5 IS NOT NULL OR child_mortality IS NOT NULL OR maternal_mortality_ratio IS NOT NULL OR birth_rate IS NOT NULL OR death_rate IS NOT NULL OR co2_emissions_per_capita IS NOT NULL OR co2_emissions_total IS NOT NULL OR greenhouse_gas_emissions_per_capita IS NOT NULL OR forest_area_percent IS NOT NULL OR renewable_energy_percent IS NOT NULL OR renewable_electricity_output IS NOT NULL OR renewable_energy_share_total IS NOT NULL OR share_electricity_renewables IS NOT NULL OR nuclear_energy_share IS NOT NULL OR access_to_electricity IS NOT NULL OR pm25_air_pollution IS NOT NULL OR arable_land_percent IS NOT NULL OR access_to_clean_fuels IS NOT NULL OR population IS NOT NULL OR fertility IS NOT NULL OR median_age IS NOT NULL OR urbanization IS NOT NULL OR hdi IS NOT NULL OR life_satisfaction_index IS NOT NULL OR poverty_ratio IS NOT NULL OR homicide_rate IS NOT NULL OR military_expenditure_percent_gdp IS NOT NULL OR military_expenditure_total IS NOT NULL OR terrorism_deaths IS NOT NULL OR gender_inequality IS NOT NULL OR female_labor_force_participation IS NOT NULL OR women_in_parliament IS NOT NULL OR female_enrollment_tertiary IS NOT NULL OR sanitation_access_safe IS NOT NULL OR population_growth_rate IS NOT NULL OR logistics_performance_index IS NOT NULL OR consumer_price_index IS NOT NULL OR human_capital_index IS NOT NULL OR pisa_reading_score IS NOT NULL OR crime_rate IS NOT NULL OR water_stress_index IS NOT NULL OR water_access_safe IS NOT NULL)
       | 28 ms
[2026-07-29T13:04:18.846Z] SQL (get): 
    SELECT MIN(year) as min_year, MAX(year) as max_year
    FROM all_data
    WHERE year IS NOT NULL
   | 29 ms
[2026-07-29T13:04:19.081Z] SQL (get): 
      SELECT MIN(year) as min_year, MAX(year) as max_year
      FROM all_data
      WHERE year IS NOT NULL
        AND hdi IS NOT NULL
        AND fertility IS NOT NULL
     | 223 ms
[2026-07-29T13:04:19.081Z] SQL (get): 
      SELECT MIN(year) as min_year, MAX(year) as max_year
      FROM all_data
      WHERE year IS NOT NULL
        AND democracy_index IS NOT NULL
        AND corruption IS NOT NULL
        AND population IS NOT NULL
     | 223 ms
[2026-07-29T13:04:19.089Z] SQL (all): 
      SELECT country_code, year, democracy_index as x_value, corruption as y_value, population as s_value
      FROM all_data
      WHERE year = ? AND democracy_index IS NOT NULL AND corruption IS NOT NULL AND population IS NOT NULL
     | params: [2023] | 4 ms
[2026-07-29T13:04:19.091Z] SQL (all): 
      SELECT country_code, year, hdi as x_value, fertility as y_value
      FROM all_data
      WHERE year = ? AND hdi IS NOT NULL AND fertility IS NOT NULL
     | params: [2023] | 6 ms
[2026-07-29T13:04:19.124Z] SQL (all): 
      SELECT country_code, year, democracy_index as x_value, corruption as y_value
      FROM all_data
      WHERE democracy_index IS NOT NULL AND corruption IS NOT NULL
      ORDER BY year, country_code
     | 23 ms
[2026-07-29T13:04:19.167Z] SQL (all): 
      SELECT country_code, year, hdi as x_value, fertility as y_value
      FROM all_data
      WHERE hdi IS NOT NULL AND fertility IS NOT NULL
      ORDER BY year, country_code
     | 65 ms
[2026-07-29T13:04:19.216Z] SQL (get): 
      SELECT MIN(population) as min_value, MAX(population) as max_value
      FROM all_data
      WHERE population IS NOT NULL
     | 75 ms
[2026-07-29T13:04:19.244Z] SQL (all): 
      SELECT country_code, year, access_to_clean_fuels, access_to_electricity, annual_gdp_growth, arable_land_percent, birth_rate, child_mortality, co2_emissions_per_capita, co2_emissions_total, consumer_price_index, corruption, corruption_perceptions_index, crime_rate, current_account_balance_percent_gdp, death_rate, debt_to_gdp, democracy_index, education_expenditure_percent_gdp, exports_percent_gdp, fdi_net_inflows, female_enrollment_tertiary, female_labor_force_participation, fertility, fixed_broadband_per100, forest_area_percent, gdp, gdp_per_capita, gdp_ppp, gender_inequality, gini, greenhouse_gas_emissions_per_capita, gross_savings_percent_gdp, hdi, health_expenditure_per_capita, health_expenditure_percent_gdp, hightech_exports_percent, homicide_rate, hospital_beds_per1000, human_capital_index, human_rights_score, ict_goods_exports_percent, immunization_dpt, immunization_measles, inflation, internet_users_percent, learning_adjusted_years_of_school, life_expectancy, life_satisfaction_index, literacy_rate_adult, literacy_rate_youth, logistics_performance_index, maternal_mortality_ratio, median_age, military_expenditure_percent_gdp, military_expenditure_total, mobile_subscriptions_per100, mortality_rate_under5, nuclear_energy_share, nurses_midwives_per1000, patent_applications_residents, physicians_per1000, pisa_reading_score, pm25_air_pollution, population, population_growth_rate, poverty_ratio, press_freedom, pupil_teacher_ratio_primary, rd_expenditure_percent_gdp, renewable_electricity_output, renewable_energy_percent, renewable_energy_share_total, rule_of_law, sanitation_access_safe, school_enrollment_primary, school_enrollment_secondary, school_enrollment_tertiary, secure_internet_servers_per_million, share_electricity_renewables, share_using_internet, terrorism_deaths, trade_percent_gdp, unemployment, urbanization, water_access_safe, water_stress_index, women_in_parliament
      FROM all_data
      WHERE year = ?
      ORDER BY country_code
     | params: [2023] | 21 ms
[2026-07-29T13:05:14.816Z] SQL (all): 
    SELECT country_code, year, gdp_ppp, life_satisfaction_index, press_freedom
    FROM all_data
    WHERE country_code IN (?,?,?)
    ORDER BY country_code, year ASC
   | params: ["CHN","IND","USA"] | 7 ms
[2026-07-29T13:05:15.918Z] SQL (all): 
    SELECT DISTINCT year
    FROM all_data
    WHERE year IS NOT NULL
    ORDER BY year DESC
   | 5 ms
[2026-07-29T13:05:15.948Z] SQL (get): 
      SELECT MIN(year) as min_year, MAX(year) as max_year
      FROM all_data
      WHERE year IS NOT NULL
        AND median_age IS NOT NULL
     | 25 ms
[2026-07-29T13:05:15.973Z] SQL (get): 
      SELECT MIN(median_age) as min_value, MAX(median_age) as max_value
      FROM all_data
      WHERE median_age IS NOT NULL
     | 22 ms
[2026-07-29T13:05:15.996Z] SQL (all): 
      SELECT country_code, year, access_to_clean_fuels, access_to_electricity, annual_gdp_growth, arable_land_percent, birth_rate, child_mortality, co2_emissions_per_capita, co2_emissions_total, consumer_price_index, corruption, corruption_perceptions_index, crime_rate, current_account_balance_percent_gdp, death_rate, debt_to_gdp, democracy_index, education_expenditure_percent_gdp, exports_percent_gdp, fdi_net_inflows, female_enrollment_tertiary, female_labor_force_participation, fertility, fixed_broadband_per100, forest_area_percent, gdp, gdp_per_capita, gdp_ppp, gender_inequality, gini, greenhouse_gas_emissions_per_capita, gross_savings_percent_gdp, hdi, health_expenditure_per_capita, health_expenditure_percent_gdp, hightech_exports_percent, homicide_rate, hospital_beds_per1000, human_capital_index, human_rights_score, ict_goods_exports_percent, immunization_dpt, immunization_measles, inflation, internet_users_percent, learning_adjusted_years_of_school, life_expectancy, life_satisfaction_index, literacy_rate_adult, literacy_rate_youth, logistics_performance_index, maternal_mortality_ratio, median_age, military_expenditure_percent_gdp, military_expenditure_total, mobile_subscriptions_per100, mortality_rate_under5, nuclear_energy_share, nurses_midwives_per1000, patent_applications_residents, physicians_per1000, pisa_reading_score, pm25_air_pollution, population, population_growth_rate, poverty_ratio, press_freedom, pupil_teacher_ratio_primary, rd_expenditure_percent_gdp, renewable_electricity_output, renewable_energy_percent, renewable_energy_share_total, rule_of_law, sanitation_access_safe, school_enrollment_primary, school_enrollment_secondary, school_enrollment_tertiary, secure_internet_servers_per_million, share_electricity_renewables, share_using_internet, terrorism_deaths, trade_percent_gdp, unemployment, urbanization, water_access_safe, water_stress_index, women_in_parliament
      FROM all_data
      WHERE year = ?
      ORDER BY country_code
     | params: [2025] | 17 ms
[2026-07-29T13:05:17.023Z] SQL (get): 
        SELECT MIN(year) as min_year, MAX(year) as max_year
        FROM all_data
        WHERE year IS NOT NULL
          AND (democracy_index IS NOT NULL OR corruption IS NOT NULL OR corruption_perceptions_index IS NOT NULL OR press_freedom IS NOT NULL OR rule_of_law IS NOT NULL OR human_rights_score IS NOT NULL OR gdp IS NOT NULL OR annual_gdp_growth IS NOT NULL OR gdp_per_capita IS NOT NULL OR gdp_ppp IS NOT NULL OR debt_to_gdp IS NOT NULL OR inflation IS NOT NULL OR unemployment IS NOT NULL OR gini IS NOT NULL OR fdi_net_inflows IS NOT NULL OR trade_percent_gdp IS NOT NULL OR exports_percent_gdp IS NOT NULL OR gross_savings_percent_gdp IS NOT NULL OR current_account_balance_percent_gdp IS NOT NULL OR internet_users_percent IS NOT NULL OR share_using_internet IS NOT NULL OR mobile_subscriptions_per100 IS NOT NULL OR fixed_broadband_per100 IS NOT NULL OR rd_expenditure_percent_gdp IS NOT NULL OR patent_applications_residents IS NOT NULL OR hightech_exports_percent IS NOT NULL OR ict_goods_exports_percent IS NOT NULL OR secure_internet_servers_per_million IS NOT NULL OR education_expenditure_percent_gdp IS NOT NULL OR literacy_rate_adult IS NOT NULL OR literacy_rate_youth IS NOT NULL OR school_enrollment_primary IS NOT NULL OR school_enrollment_secondary IS NOT NULL OR school_enrollment_tertiary IS NOT NULL OR pupil_teacher_ratio_primary IS NOT NULL OR learning_adjusted_years_of_school IS NOT NULL OR life_expectancy IS NOT NULL OR hospital_beds_per1000 IS NOT NULL OR physicians_per1000 IS NOT NULL OR nurses_midwives_per1000 IS NOT NULL OR health_expenditure_percent_gdp IS NOT NULL OR health_expenditure_per_capita IS NOT NULL OR immunization_measles IS NOT NULL OR immunization_dpt IS NOT NULL OR mortality_rate_under5 IS NOT NULL OR child_mortality IS NOT NULL OR maternal_mortality_ratio IS NOT NULL OR birth_rate IS NOT NULL OR death_rate IS NOT NULL OR co2_emissions_per_capita IS NOT NULL OR co2_emissions_total IS NOT NULL OR greenhouse_gas_emissions_per_capita IS NOT NULL OR forest_area_percent IS NOT NULL OR renewable_energy_percent IS NOT NULL OR renewable_electricity_output IS NOT NULL OR renewable_energy_share_total IS NOT NULL OR share_electricity_renewables IS NOT NULL OR nuclear_energy_share IS NOT NULL OR access_to_electricity IS NOT NULL OR pm25_air_pollution IS NOT NULL OR arable_land_percent IS NOT NULL OR access_to_clean_fuels IS NOT NULL OR population IS NOT NULL OR fertility IS NOT NULL OR median_age IS NOT NULL OR urbanization IS NOT NULL OR hdi IS NOT NULL OR life_satisfaction_index IS NOT NULL OR poverty_ratio IS NOT NULL OR homicide_rate IS NOT NULL OR military_expenditure_percent_gdp IS NOT NULL OR military_expenditure_total IS NOT NULL OR terrorism_deaths IS NOT NULL OR gender_inequality IS NOT NULL OR female_labor_force_participation IS NOT NULL OR women_in_parliament IS NOT NULL OR female_enrollment_tertiary IS NOT NULL OR sanitation_access_safe IS NOT NULL OR population_growth_rate IS NOT NULL OR logistics_performance_index IS NOT NULL OR consumer_price_index IS NOT NULL OR human_capital_index IS NOT NULL OR pisa_reading_score IS NOT NULL OR crime_rate IS NOT NULL OR water_stress_index IS NOT NULL OR water_access_safe IS NOT NULL)
       | 24 ms
[2026-07-29T14:05:13.982Z] SQL (all): 
      SELECT country_code, year, democracy_index as x_value, corruption as y_value, population as s_value
      FROM all_data
      WHERE year = ? AND democracy_index IS NOT NULL AND corruption IS NOT NULL AND population IS NOT NULL
     | params: [2023] | 86 ms
[2026-07-29T14:05:13.985Z] SQL (all): 
      SELECT country_code, year, hdi as x_value, fertility as y_value
      FROM all_data
      WHERE year = ? AND hdi IS NOT NULL AND fertility IS NOT NULL
     | params: [2023] | 88 ms
[2026-07-29T14:05:14.315Z] SQL (get): 
      SELECT MIN(population) as min_value, MAX(population) as max_value
      FROM all_data
      WHERE population IS NOT NULL
     | 326 ms
[2026-07-29T16:32:47.647Z] SQL (all): SELECT * FROM countries | 15 ms
[2026-07-29T16:32:47.733Z] SQL (all): PRAGMA table_info(all_data) | 2 ms
[2026-07-29T16:32:47.770Z] SQL (all): SELECT DISTINCT year FROM all_data WHERE year IS NOT NULL ORDER BY year DESC | 39 ms
[2026-07-29T16:32:47.771Z] SQL (get): SELECT MIN(year) as min_year, MAX(year) as max_year FROM all_data WHERE year IS NOT NULL | 40 ms
[2026-07-29T16:41:45.031Z] SQL (get): 
    SELECT MIN(year) as min_year, MAX(year) as max_year
    FROM all_data
    WHERE year IS NOT NULL
   | 9 ms
[2026-07-29T16:41:45.470Z] SQL (get): 
      SELECT MIN(year) as min_year, MAX(year) as max_year
      FROM all_data
      WHERE year IS NOT NULL
        AND democracy_index IS NOT NULL
        AND corruption IS NOT NULL
        AND population IS NOT NULL
     | 405 ms
[2026-07-29T16:41:45.500Z] SQL (get): 
      SELECT MIN(year) as min_year, MAX(year) as max_year
      FROM all_data
      WHERE year IS NOT NULL
        AND hdi IS NOT NULL
        AND fertility IS NOT NULL
     | 435 ms
[2026-07-29T16:41:45.510Z] SQL (all): 
      SELECT country_code, year, democracy_index as x_value, corruption as y_value, population as s_value
      FROM all_data
      WHERE year = ? AND democracy_index IS NOT NULL AND corruption IS NOT NULL AND population IS NOT NULL
     | params: [2023] | 7 ms
[2026-07-29T16:41:45.513Z] SQL (all): 
      SELECT country_code, year, hdi as x_value, fertility as y_value
      FROM all_data
      WHERE year = ? AND hdi IS NOT NULL AND fertility IS NOT NULL
     | params: [2023] | 9 ms
[2026-07-29T16:41:45.563Z] SQL (all): 
      SELECT country_code, year, democracy_index as x_value, corruption as y_value
      FROM all_data
      WHERE democracy_index IS NOT NULL AND corruption IS NOT NULL
      ORDER BY year, country_code
     | 41 ms
[2026-07-29T16:41:45.631Z] SQL (all): 
      SELECT country_code, year, hdi as x_value, fertility as y_value
      FROM all_data
      WHERE hdi IS NOT NULL AND fertility IS NOT NULL
      ORDER BY year, country_code
     | 107 ms
[2026-07-29T16:41:45.701Z] SQL (get): 
      SELECT MIN(population) as min_value, MAX(population) as max_value
      FROM all_data
      WHERE population IS NOT NULL
     | 116 ms
[2026-07-29T16:41:45.739Z] SQL (all): 
      SELECT country_code, year, access_to_clean_fuels, access_to_electricity, annual_gdp_growth, arable_land_percent, birth_rate, child_mortality, co2_emissions_per_capita, co2_emissions_total, consumer_price_index, corruption, corruption_perceptions_index, crime_rate, current_account_balance_percent_gdp, death_rate, debt_to_gdp, democracy_index, education_expenditure_percent_gdp, exports_percent_gdp, fdi_net_inflows, female_enrollment_tertiary, female_labor_force_participation, fertility, fixed_broadband_per100, forest_area_percent, gdp, gdp_per_capita, gdp_ppp, gender_inequality, gini, greenhouse_gas_emissions_per_capita, gross_savings_percent_gdp, hdi, health_expenditure_per_capita, health_expenditure_percent_gdp, hightech_exports_percent, homicide_rate, hospital_beds_per1000, human_capital_index, human_rights_score, ict_goods_exports_percent, immunization_dpt, immunization_measles, inflation, internet_users_percent, learning_adjusted_years_of_school, life_expectancy, life_satisfaction_index, literacy_rate_adult, literacy_rate_youth, logistics_performance_index, maternal_mortality_ratio, median_age, military_expenditure_percent_gdp, military_expenditure_total, mobile_subscriptions_per100, mortality_rate_under5, nuclear_energy_share, nurses_midwives_per1000, patent_applications_residents, physicians_per1000, pisa_reading_score, pm25_air_pollution, population, population_growth_rate, poverty_ratio, press_freedom, pupil_teacher_ratio_primary, rd_expenditure_percent_gdp, renewable_electricity_output, renewable_energy_percent, renewable_energy_share_total, rule_of_law, sanitation_access_safe, school_enrollment_primary, school_enrollment_secondary, school_enrollment_tertiary, secure_internet_servers_per_million, share_electricity_renewables, share_using_internet, terrorism_deaths, trade_percent_gdp, unemployment, urbanization, water_access_safe, water_stress_index, women_in_parliament
      FROM all_data
      WHERE year = ?
      ORDER BY country_code
     | params: [2023] | 25 ms
[2026-07-29T16:42:02.940Z] SQL (get): 
      SELECT MIN(year) as min_year, MAX(year) as max_year
      FROM all_data
      WHERE year IS NOT NULL
        AND median_age IS NOT NULL
     | 35 ms
[2026-07-29T16:42:02.975Z] SQL (get): 
      SELECT MIN(median_age) as min_value, MAX(median_age) as max_value
      FROM all_data
      WHERE median_age IS NOT NULL
     | 30 ms
[2026-07-29T16:42:03.012Z] SQL (all): 
      SELECT country_code, year, access_to_clean_fuels, access_to_electricity, annual_gdp_growth, arable_land_percent, birth_rate, child_mortality, co2_emissions_per_capita, co2_emissions_total, consumer_price_index, corruption, corruption_perceptions_index, crime_rate, current_account_balance_percent_gdp, death_rate, debt_to_gdp, democracy_index, education_expenditure_percent_gdp, exports_percent_gdp, fdi_net_inflows, female_enrollment_tertiary, female_labor_force_participation, fertility, fixed_broadband_per100, forest_area_percent, gdp, gdp_per_capita, gdp_ppp, gender_inequality, gini, greenhouse_gas_emissions_per_capita, gross_savings_percent_gdp, hdi, health_expenditure_per_capita, health_expenditure_percent_gdp, hightech_exports_percent, homicide_rate, hospital_beds_per1000, human_capital_index, human_rights_score, ict_goods_exports_percent, immunization_dpt, immunization_measles, inflation, internet_users_percent, learning_adjusted_years_of_school, life_expectancy, life_satisfaction_index, literacy_rate_adult, literacy_rate_youth, logistics_performance_index, maternal_mortality_ratio, median_age, military_expenditure_percent_gdp, military_expenditure_total, mobile_subscriptions_per100, mortality_rate_under5, nuclear_energy_share, nurses_midwives_per1000, patent_applications_residents, physicians_per1000, pisa_reading_score, pm25_air_pollution, population, population_growth_rate, poverty_ratio, press_freedom, pupil_teacher_ratio_primary, rd_expenditure_percent_gdp, renewable_electricity_output, renewable_energy_percent, renewable_energy_share_total, rule_of_law, sanitation_access_safe, school_enrollment_primary, school_enrollment_secondary, school_enrollment_tertiary, secure_internet_servers_per_million, share_electricity_renewables, share_using_internet, terrorism_deaths, trade_percent_gdp, unemployment, urbanization, water_access_safe, water_stress_index, women_in_parliament
      FROM all_data
      WHERE year = ?
      ORDER BY country_code
     | params: [2025] | 26 ms
[2026-07-29T16:46:44.907Z] SQL (all): SELECT * FROM countries | 7 ms
[2026-07-29T16:46:45.004Z] SQL (all): PRAGMA table_info(all_data) | 3 ms
[2026-07-29T16:46:45.015Z] SQL (get): SELECT MIN(year) as min_year, MAX(year) as max_year FROM all_data WHERE year IS NOT NULL | 13 ms
[2026-07-29T16:46:45.015Z] SQL (all): SELECT DISTINCT year FROM all_data WHERE year IS NOT NULL ORDER BY year DESC | 13 ms
[2026-07-29T16:46:49.445Z] SQL (get): 
    SELECT MIN(year) as min_year, MAX(year) as max_year
    FROM all_data
    WHERE year IS NOT NULL
   | 6 ms
[2026-07-29T16:46:49.508Z] SQL (get): 
      SELECT MIN(year) as min_year, MAX(year) as max_year
      FROM all_data
      WHERE year IS NOT NULL
        AND democracy_index IS NOT NULL
        AND corruption IS NOT NULL
        AND population IS NOT NULL
     | 25 ms
[2026-07-29T16:46:49.535Z] SQL (get): 
      SELECT MIN(year) as min_year, MAX(year) as max_year
      FROM all_data
      WHERE year IS NOT NULL
        AND hdi IS NOT NULL
        AND fertility IS NOT NULL
     | 51 ms
[2026-07-29T16:46:49.543Z] SQL (all): 
      SELECT country_code, year, democracy_index as x_value, corruption as y_value, population as s_value
      FROM all_data
      WHERE year = ? AND democracy_index IS NOT NULL AND corruption IS NOT NULL AND population IS NOT NULL
     | params: [2023] | 5 ms
[2026-07-29T16:46:49.546Z] SQL (all): 
      SELECT country_code, year, hdi as x_value, fertility as y_value
      FROM all_data
      WHERE year = ? AND hdi IS NOT NULL AND fertility IS NOT NULL
     | params: [2023] | 8 ms
[2026-07-29T16:46:49.585Z] SQL (all): 
      SELECT country_code, year, democracy_index as x_value, corruption as y_value
      FROM all_data
      WHERE democracy_index IS NOT NULL AND corruption IS NOT NULL
      ORDER BY year, country_code
     | 31 ms
[2026-07-29T16:46:49.651Z] SQL (all): 
      SELECT country_code, year, hdi as x_value, fertility as y_value
      FROM all_data
      WHERE hdi IS NOT NULL AND fertility IS NOT NULL
      ORDER BY year, country_code
     | 95 ms
[2026-07-29T16:46:49.699Z] SQL (get): 
      SELECT MIN(population) as min_value, MAX(population) as max_value
      FROM all_data
      WHERE population IS NOT NULL
     | 93 ms
[2026-07-29T16:46:49.790Z] SQL (get): 
      SELECT MIN(year) as min_year, MAX(year) as max_year
      FROM all_data
      WHERE year IS NOT NULL
        AND median_age IS NOT NULL
     | 30 ms
[2026-07-29T16:46:49.826Z] SQL (get): 
      SELECT MIN(median_age) as min_value, MAX(median_age) as max_value
      FROM all_data
      WHERE median_age IS NOT NULL
     | 30 ms
[2026-07-29T16:46:49.850Z] SQL (all): 
      SELECT country_code, year, access_to_clean_fuels, access_to_electricity, annual_gdp_growth, arable_land_percent, birth_rate, child_mortality, co2_emissions_per_capita, co2_emissions_total, consumer_price_index, corruption, corruption_perceptions_index, crime_rate, current_account_balance_percent_gdp, death_rate, debt_to_gdp, democracy_index, education_expenditure_percent_gdp, exports_percent_gdp, fdi_net_inflows, female_enrollment_tertiary, female_labor_force_participation, fertility, fixed_broadband_per100, forest_area_percent, gdp, gdp_per_capita, gdp_ppp, gender_inequality, gini, greenhouse_gas_emissions_per_capita, gross_savings_percent_gdp, hdi, health_expenditure_per_capita, health_expenditure_percent_gdp, hightech_exports_percent, homicide_rate, hospital_beds_per1000, human_capital_index, human_rights_score, ict_goods_exports_percent, immunization_dpt, immunization_measles, inflation, internet_users_percent, learning_adjusted_years_of_school, life_expectancy, life_satisfaction_index, literacy_rate_adult, literacy_rate_youth, logistics_performance_index, maternal_mortality_ratio, median_age, military_expenditure_percent_gdp, military_expenditure_total, mobile_subscriptions_per100, mortality_rate_under5, nuclear_energy_share, nurses_midwives_per1000, patent_applications_residents, physicians_per1000, pisa_reading_score, pm25_air_pollution, population, population_growth_rate, poverty_ratio, press_freedom, pupil_teacher_ratio_primary, rd_expenditure_percent_gdp, renewable_electricity_output, renewable_energy_percent, renewable_energy_share_total, rule_of_law, sanitation_access_safe, school_enrollment_primary, school_enrollment_secondary, school_enrollment_tertiary, secure_internet_servers_per_million, share_electricity_renewables, share_using_internet, terrorism_deaths, trade_percent_gdp, unemployment, urbanization, water_access_safe, water_stress_index, women_in_parliament
      FROM all_data
      WHERE year = ?
      ORDER BY country_code
     | params: [2025] | 18 ms
[2026-07-29T16:48:09.863Z] SQL (all): SELECT * FROM countries | 4 ms
[2026-07-29T16:48:09.960Z] SQL (all): PRAGMA table_info(all_data) | 3 ms
[2026-07-29T16:48:09.975Z] SQL (all): SELECT DISTINCT year FROM all_data WHERE year IS NOT NULL ORDER BY year DESC | 17 ms
[2026-07-29T16:48:09.975Z] SQL (get): SELECT MIN(year) as min_year, MAX(year) as max_year FROM all_data WHERE year IS NOT NULL | 17 ms
[2026-07-29T16:48:13.414Z] SQL (get): 
    SELECT MIN(year) as min_year, MAX(year) as max_year
    FROM all_data
    WHERE year IS NOT NULL
   | 8 ms
[2026-07-29T16:48:13.499Z] SQL (get): 
      SELECT MIN(year) as min_year, MAX(year) as max_year
      FROM all_data
      WHERE year IS NOT NULL
        AND democracy_index IS NOT NULL
        AND corruption IS NOT NULL
        AND population IS NOT NULL
     | 32 ms
[2026-07-29T16:48:13.527Z] SQL (get): 
      SELECT MIN(year) as min_year, MAX(year) as max_year
      FROM all_data
      WHERE year IS NOT NULL
        AND hdi IS NOT NULL
        AND fertility IS NOT NULL
     | 59 ms
[2026-07-29T16:48:13.538Z] SQL (all): 
      SELECT country_code, year, democracy_index as x_value, corruption as y_value, population as s_value
      FROM all_data
      WHERE year = ? AND democracy_index IS NOT NULL AND corruption IS NOT NULL AND population IS NOT NULL
     | params: [2023] | 7 ms
[2026-07-29T16:48:13.541Z] SQL (all): 
      SELECT country_code, year, hdi as x_value, fertility as y_value
      FROM all_data
      WHERE year = ? AND hdi IS NOT NULL AND fertility IS NOT NULL
     | params: [2023] | 9 ms
[2026-07-29T16:48:13.588Z] SQL (all): 
      SELECT country_code, year, democracy_index as x_value, corruption as y_value
      FROM all_data
      WHERE democracy_index IS NOT NULL AND corruption IS NOT NULL
      ORDER BY year, country_code
     | 38 ms
[2026-07-29T16:48:13.668Z] SQL (all): 
      SELECT country_code, year, hdi as x_value, fertility as y_value
      FROM all_data
      WHERE hdi IS NOT NULL AND fertility IS NOT NULL
      ORDER BY year, country_code
     | 115 ms
[2026-07-29T16:48:13.740Z] SQL (get): 
      SELECT MIN(population) as min_value, MAX(population) as max_value
      FROM all_data
      WHERE population IS NOT NULL
     | 126 ms
[2026-07-29T16:48:13.846Z] SQL (get): 
      SELECT MIN(year) as min_year, MAX(year) as max_year
      FROM all_data
      WHERE year IS NOT NULL
        AND median_age IS NOT NULL
     | 33 ms
[2026-07-29T16:48:13.885Z] SQL (get): 
      SELECT MIN(median_age) as min_value, MAX(median_age) as max_value
      FROM all_data
      WHERE median_age IS NOT NULL
     | 32 ms
[2026-07-29T16:48:13.918Z] SQL (all): 
      SELECT country_code, year, access_to_clean_fuels, access_to_electricity, annual_gdp_growth, arable_land_percent, birth_rate, child_mortality, co2_emissions_per_capita, co2_emissions_total, consumer_price_index, corruption, corruption_perceptions_index, crime_rate, current_account_balance_percent_gdp, death_rate, debt_to_gdp, democracy_index, education_expenditure_percent_gdp, exports_percent_gdp, fdi_net_inflows, female_enrollment_tertiary, female_labor_force_participation, fertility, fixed_broadband_per100, forest_area_percent, gdp, gdp_per_capita, gdp_ppp, gender_inequality, gini, greenhouse_gas_emissions_per_capita, gross_savings_percent_gdp, hdi, health_expenditure_per_capita, health_expenditure_percent_gdp, hightech_exports_percent, homicide_rate, hospital_beds_per1000, human_capital_index, human_rights_score, ict_goods_exports_percent, immunization_dpt, immunization_measles, inflation, internet_users_percent, learning_adjusted_years_of_school, life_expectancy, life_satisfaction_index, literacy_rate_adult, literacy_rate_youth, logistics_performance_index, maternal_mortality_ratio, median_age, military_expenditure_percent_gdp, military_expenditure_total, mobile_subscriptions_per100, mortality_rate_under5, nuclear_energy_share, nurses_midwives_per1000, patent_applications_residents, physicians_per1000, pisa_reading_score, pm25_air_pollution, population, population_growth_rate, poverty_ratio, press_freedom, pupil_teacher_ratio_primary, rd_expenditure_percent_gdp, renewable_electricity_output, renewable_energy_percent, renewable_energy_share_total, rule_of_law, sanitation_access_safe, school_enrollment_primary, school_enrollment_secondary, school_enrollment_tertiary, secure_internet_servers_per_million, share_electricity_renewables, share_using_internet, terrorism_deaths, trade_percent_gdp, unemployment, urbanization, water_access_safe, water_stress_index, women_in_parliament
      FROM all_data
      WHERE year = ?
      ORDER BY country_code
     | params: [2025] | 25 ms
[2026-07-29T16:48:59.737Z] SQL (all): 
      SELECT country_code, year, access_to_clean_fuels, access_to_electricity, annual_gdp_growth, arable_land_percent, birth_rate, child_mortality, co2_emissions_per_capita, co2_emissions_total, consumer_price_index, corruption, corruption_perceptions_index, crime_rate, current_account_balance_percent_gdp, death_rate, debt_to_gdp, democracy_index, education_expenditure_percent_gdp, exports_percent_gdp, fdi_net_inflows, female_enrollment_tertiary, female_labor_force_participation, fertility, fixed_broadband_per100, forest_area_percent, gdp, gdp_per_capita, gdp_ppp, gender_inequality, gini, greenhouse_gas_emissions_per_capita, gross_savings_percent_gdp, hdi, health_expenditure_per_capita, health_expenditure_percent_gdp, hightech_exports_percent, homicide_rate, hospital_beds_per1000, human_capital_index, human_rights_score, ict_goods_exports_percent, immunization_dpt, immunization_measles, inflation, internet_users_percent, learning_adjusted_years_of_school, life_expectancy, life_satisfaction_index, literacy_rate_adult, literacy_rate_youth, logistics_performance_index, maternal_mortality_ratio, median_age, military_expenditure_percent_gdp, military_expenditure_total, mobile_subscriptions_per100, mortality_rate_under5, nuclear_energy_share, nurses_midwives_per1000, patent_applications_residents, physicians_per1000, pisa_reading_score, pm25_air_pollution, population, population_growth_rate, poverty_ratio, press_freedom, pupil_teacher_ratio_primary, rd_expenditure_percent_gdp, renewable_electricity_output, renewable_energy_percent, renewable_energy_share_total, rule_of_law, sanitation_access_safe, school_enrollment_primary, school_enrollment_secondary, school_enrollment_tertiary, secure_internet_servers_per_million, share_electricity_renewables, share_using_internet, terrorism_deaths, trade_percent_gdp, unemployment, urbanization, water_access_safe, water_stress_index, women_in_parliament
      FROM all_data
      WHERE year = ?
      ORDER BY country_code
     | params: [2023] | 41 ms
[2026-07-29T16:49:37.147Z] SQL (all): SELECT * FROM countries | 6 ms
[2026-07-29T16:49:37.238Z] SQL (all): PRAGMA table_info(all_data) | 3 ms
[2026-07-29T16:49:37.250Z] SQL (all): SELECT DISTINCT year FROM all_data WHERE year IS NOT NULL ORDER BY year DESC | 14 ms
[2026-07-29T16:49:37.250Z] SQL (get): SELECT MIN(year) as min_year, MAX(year) as max_year FROM all_data WHERE year IS NOT NULL | 14 ms
[2026-07-29T16:49:47.338Z] SQL (get): 
    SELECT MIN(year) as min_year, MAX(year) as max_year
    FROM all_data
    WHERE year IS NOT NULL
   | 6 ms
[2026-07-29T16:49:47.383Z] SQL (get): 
      SELECT MIN(year) as min_year, MAX(year) as max_year
      FROM all_data
      WHERE year IS NOT NULL
        AND democracy_index IS NOT NULL
        AND corruption IS NOT NULL
        AND population IS NOT NULL
     | 23 ms
[2026-07-29T16:49:47.406Z] SQL (get): 
      SELECT MIN(year) as min_year, MAX(year) as max_year
      FROM all_data
      WHERE year IS NOT NULL
        AND hdi IS NOT NULL
        AND fertility IS NOT NULL
     | 45 ms
[2026-07-29T16:49:47.413Z] SQL (all): 
      SELECT country_code, year, democracy_index as x_value, corruption as y_value, population as s_value
      FROM all_data
      WHERE year = ? AND democracy_index IS NOT NULL AND corruption IS NOT NULL AND population IS NOT NULL
     | params: [2023] | 5 ms
[2026-07-29T16:49:47.416Z] SQL (all): 
      SELECT country_code, year, hdi as x_value, fertility as y_value
      FROM all_data
      WHERE year = ? AND hdi IS NOT NULL AND fertility IS NOT NULL
     | params: [2023] | 7 ms
[2026-07-29T16:49:47.458Z] SQL (all): 
      SELECT country_code, year, democracy_index as x_value, corruption as y_value
      FROM all_data
      WHERE democracy_index IS NOT NULL AND corruption IS NOT NULL
      ORDER BY year, country_code
     | 36 ms
[2026-07-29T16:49:47.517Z] SQL (all): 
      SELECT country_code, year, hdi as x_value, fertility as y_value
      FROM all_data
      WHERE hdi IS NOT NULL AND fertility IS NOT NULL
      ORDER BY year, country_code
     | 94 ms
[2026-07-29T16:49:47.583Z] SQL (get): 
      SELECT MIN(population) as min_value, MAX(population) as max_value
      FROM all_data
      WHERE population IS NOT NULL
     | 93 ms
[2026-07-29T16:49:47.626Z] SQL (all): 
      SELECT country_code, year, access_to_clean_fuels, access_to_electricity, annual_gdp_growth, arable_land_percent, birth_rate, child_mortality, co2_emissions_per_capita, co2_emissions_total, consumer_price_index, corruption, corruption_perceptions_index, crime_rate, current_account_balance_percent_gdp, death_rate, debt_to_gdp, democracy_index, education_expenditure_percent_gdp, exports_percent_gdp, fdi_net_inflows, female_enrollment_tertiary, female_labor_force_participation, fertility, fixed_broadband_per100, forest_area_percent, gdp, gdp_per_capita, gdp_ppp, gender_inequality, gini, greenhouse_gas_emissions_per_capita, gross_savings_percent_gdp, hdi, health_expenditure_per_capita, health_expenditure_percent_gdp, hightech_exports_percent, homicide_rate, hospital_beds_per1000, human_capital_index, human_rights_score, ict_goods_exports_percent, immunization_dpt, immunization_measles, inflation, internet_users_percent, learning_adjusted_years_of_school, life_expectancy, life_satisfaction_index, literacy_rate_adult, literacy_rate_youth, logistics_performance_index, maternal_mortality_ratio, median_age, military_expenditure_percent_gdp, military_expenditure_total, mobile_subscriptions_per100, mortality_rate_under5, nuclear_energy_share, nurses_midwives_per1000, patent_applications_residents, physicians_per1000, pisa_reading_score, pm25_air_pollution, population, population_growth_rate, poverty_ratio, press_freedom, pupil_teacher_ratio_primary, rd_expenditure_percent_gdp, renewable_electricity_output, renewable_energy_percent, renewable_energy_share_total, rule_of_law, sanitation_access_safe, school_enrollment_primary, school_enrollment_secondary, school_enrollment_tertiary, secure_internet_servers_per_million, share_electricity_renewables, share_using_internet, terrorism_deaths, trade_percent_gdp, unemployment, urbanization, water_access_safe, water_stress_index, women_in_parliament
      FROM all_data
      WHERE year = ?
      ORDER BY country_code
     | params: [2023] | 22 ms
[2026-07-29T16:49:48.836Z] SQL (get): 
      SELECT MIN(year) as min_year, MAX(year) as max_year
      FROM all_data
      WHERE year IS NOT NULL
        AND median_age IS NOT NULL
     | 32 ms
[2026-07-29T16:49:48.867Z] SQL (get): 
      SELECT MIN(median_age) as min_value, MAX(median_age) as max_value
      FROM all_data
      WHERE median_age IS NOT NULL
     | 28 ms
[2026-07-29T16:49:48.892Z] SQL (all): 
      SELECT country_code, year, access_to_clean_fuels, access_to_electricity, annual_gdp_growth, arable_land_percent, birth_rate, child_mortality, co2_emissions_per_capita, co2_emissions_total, consumer_price_index, corruption, corruption_perceptions_index, crime_rate, current_account_balance_percent_gdp, death_rate, debt_to_gdp, democracy_index, education_expenditure_percent_gdp, exports_percent_gdp, fdi_net_inflows, female_enrollment_tertiary, female_labor_force_participation, fertility, fixed_broadband_per100, forest_area_percent, gdp, gdp_per_capita, gdp_ppp, gender_inequality, gini, greenhouse_gas_emissions_per_capita, gross_savings_percent_gdp, hdi, health_expenditure_per_capita, health_expenditure_percent_gdp, hightech_exports_percent, homicide_rate, hospital_beds_per1000, human_capital_index, human_rights_score, ict_goods_exports_percent, immunization_dpt, immunization_measles, inflation, internet_users_percent, learning_adjusted_years_of_school, life_expectancy, life_satisfaction_index, literacy_rate_adult, literacy_rate_youth, logistics_performance_index, maternal_mortality_ratio, median_age, military_expenditure_percent_gdp, military_expenditure_total, mobile_subscriptions_per100, mortality_rate_under5, nuclear_energy_share, nurses_midwives_per1000, patent_applications_residents, physicians_per1000, pisa_reading_score, pm25_air_pollution, population, population_growth_rate, poverty_ratio, press_freedom, pupil_teacher_ratio_primary, rd_expenditure_percent_gdp, renewable_electricity_output, renewable_energy_percent, renewable_energy_share_total, rule_of_law, sanitation_access_safe, school_enrollment_primary, school_enrollment_secondary, school_enrollment_tertiary, secure_internet_servers_per_million, share_electricity_renewables, share_using_internet, terrorism_deaths, trade_percent_gdp, unemployment, urbanization, water_access_safe, water_stress_index, women_in_parliament
      FROM all_data
      WHERE year = ?
      ORDER BY country_code
     | params: [2025] | 20 ms
[2026-07-29T16:55:48.457Z] SQL (all): SELECT * FROM countries | 5 ms
[2026-07-29T16:55:48.557Z] SQL (all): PRAGMA table_info(all_data) | 2 ms
[2026-07-29T16:55:48.564Z] SQL (get): SELECT MIN(year) as min_year, MAX(year) as max_year FROM all_data WHERE year IS NOT NULL | 9 ms
[2026-07-29T16:55:48.565Z] SQL (all): SELECT DISTINCT year FROM all_data WHERE year IS NOT NULL ORDER BY year DESC | 10 ms
[2026-07-29T16:55:53.209Z] SQL (get): 
    SELECT MIN(year) as min_year, MAX(year) as max_year
    FROM all_data
    WHERE year IS NOT NULL
   | 13 ms
[2026-07-29T16:55:53.259Z] SQL (get): 
      SELECT MIN(year) as min_year, MAX(year) as max_year
      FROM all_data
      WHERE year IS NOT NULL
        AND democracy_index IS NOT NULL
        AND corruption IS NOT NULL
        AND population IS NOT NULL
     | 31 ms
[2026-07-29T16:55:53.294Z] SQL (get): 
      SELECT MIN(year) as min_year, MAX(year) as max_year
      FROM all_data
      WHERE year IS NOT NULL
        AND hdi IS NOT NULL
        AND fertility IS NOT NULL
     | 65 ms
[2026-07-29T16:55:53.307Z] SQL (all): 
      SELECT country_code, year, democracy_index as x_value, corruption as y_value, population as s_value
      FROM all_data
      WHERE year = ? AND democracy_index IS NOT NULL AND corruption IS NOT NULL AND population IS NOT NULL
     | params: [2023] | 9 ms
[2026-07-29T16:55:53.311Z] SQL (all): 
      SELECT country_code, year, hdi as x_value, fertility as y_value
      FROM all_data
      WHERE year = ? AND hdi IS NOT NULL AND fertility IS NOT NULL
     | params: [2023] | 12 ms
[2026-07-29T16:55:53.375Z] SQL (all): 
      SELECT country_code, year, democracy_index as x_value, corruption as y_value
      FROM all_data
      WHERE democracy_index IS NOT NULL AND corruption IS NOT NULL
      ORDER BY year, country_code
     | 54 ms
[2026-07-29T16:55:53.434Z] SQL (all): 
      SELECT country_code, year, hdi as x_value, fertility as y_value
      FROM all_data
      WHERE hdi IS NOT NULL AND fertility IS NOT NULL
      ORDER BY year, country_code
     | 113 ms
[2026-07-29T16:55:53.535Z] SQL (get): 
      SELECT MIN(population) as min_value, MAX(population) as max_value
      FROM all_data
      WHERE population IS NOT NULL
     | 65 ms
[2026-07-29T16:55:53.695Z] SQL (get): 
      SELECT MIN(year) as min_year, MAX(year) as max_year
      FROM all_data
      WHERE year IS NOT NULL
        AND median_age IS NOT NULL
     | 31 ms
[2026-07-29T16:55:53.731Z] SQL (get): 
      SELECT MIN(median_age) as min_value, MAX(median_age) as max_value
      FROM all_data
      WHERE median_age IS NOT NULL
     | 28 ms
[2026-07-29T16:55:53.765Z] SQL (all): 
      SELECT country_code, year, access_to_clean_fuels, access_to_electricity, annual_gdp_growth, arable_land_percent, birth_rate, child_mortality, co2_emissions_per_capita, co2_emissions_total, consumer_price_index, corruption, corruption_perceptions_index, crime_rate, current_account_balance_percent_gdp, death_rate, debt_to_gdp, democracy_index, education_expenditure_percent_gdp, exports_percent_gdp, fdi_net_inflows, female_enrollment_tertiary, female_labor_force_participation, fertility, fixed_broadband_per100, forest_area_percent, gdp, gdp_per_capita, gdp_ppp, gender_inequality, gini, greenhouse_gas_emissions_per_capita, gross_savings_percent_gdp, hdi, health_expenditure_per_capita, health_expenditure_percent_gdp, hightech_exports_percent, homicide_rate, hospital_beds_per1000, human_capital_index, human_rights_score, ict_goods_exports_percent, immunization_dpt, immunization_measles, inflation, internet_users_percent, learning_adjusted_years_of_school, life_expectancy, life_satisfaction_index, literacy_rate_adult, literacy_rate_youth, logistics_performance_index, maternal_mortality_ratio, median_age, military_expenditure_percent_gdp, military_expenditure_total, mobile_subscriptions_per100, mortality_rate_under5, nuclear_energy_share, nurses_midwives_per1000, patent_applications_residents, physicians_per1000, pisa_reading_score, pm25_air_pollution, population, population_growth_rate, poverty_ratio, press_freedom, pupil_teacher_ratio_primary, rd_expenditure_percent_gdp, renewable_electricity_output, renewable_energy_percent, renewable_energy_share_total, rule_of_law, sanitation_access_safe, school_enrollment_primary, school_enrollment_secondary, school_enrollment_tertiary, secure_internet_servers_per_million, share_electricity_renewables, share_using_internet, terrorism_deaths, trade_percent_gdp, unemployment, urbanization, water_access_safe, water_stress_index, women_in_parliament
      FROM all_data
      WHERE year = ?
      ORDER BY country_code
     | params: [2025] | 21 ms
[2026-07-29T16:58:57.832Z] SQL (all): 
    SELECT country_code, year, gdp_ppp, life_satisfaction_index, press_freedom
    FROM all_data
    WHERE country_code IN (?,?,?)
    ORDER BY country_code, year ASC
   | params: ["CHN","IND","USA"] | 5 ms
[2026-07-29T17:02:33.771Z] SQL (all): SELECT * FROM countries | 6 ms
[2026-07-29T17:02:33.868Z] SQL (all): PRAGMA table_info(all_data) | 3 ms
[2026-07-29T17:02:33.881Z] SQL (all): SELECT DISTINCT year FROM all_data WHERE year IS NOT NULL ORDER BY year DESC | 15 ms
[2026-07-29T17:02:33.882Z] SQL (get): SELECT MIN(year) as min_year, MAX(year) as max_year FROM all_data WHERE year IS NOT NULL | 16 ms
[2026-07-29T17:02:38.539Z] SQL (get): 
    SELECT MIN(year) as min_year, MAX(year) as max_year
    FROM all_data
    WHERE year IS NOT NULL
   | 8 ms
[2026-07-29T17:02:38.589Z] SQL (get): 
      SELECT MIN(year) as min_year, MAX(year) as max_year
      FROM all_data
      WHERE year IS NOT NULL
        AND democracy_index IS NOT NULL
        AND corruption IS NOT NULL
        AND population IS NOT NULL
     | 31 ms
[2026-07-29T17:02:38.623Z] SQL (get): 
      SELECT MIN(year) as min_year, MAX(year) as max_year
      FROM all_data
      WHERE year IS NOT NULL
        AND hdi IS NOT NULL
        AND fertility IS NOT NULL
     | 65 ms
[2026-07-29T17:02:38.635Z] SQL (all): 
      SELECT country_code, year, democracy_index as x_value, corruption as y_value, population as s_value
      FROM all_data
      WHERE year = ? AND democracy_index IS NOT NULL AND corruption IS NOT NULL AND population IS NOT NULL
     | params: [2023] | 8 ms
[2026-07-29T17:02:38.638Z] SQL (all): 
      SELECT country_code, year, hdi as x_value, fertility as y_value
      FROM all_data
      WHERE year = ? AND hdi IS NOT NULL AND fertility IS NOT NULL
     | params: [2023] | 10 ms
[2026-07-29T17:02:38.693Z] SQL (all): 
      SELECT country_code, year, democracy_index as x_value, corruption as y_value
      FROM all_data
      WHERE democracy_index IS NOT NULL AND corruption IS NOT NULL
      ORDER BY year, country_code
     | 45 ms
[2026-07-29T17:02:38.791Z] SQL (all): 
      SELECT country_code, year, hdi as x_value, fertility as y_value
      FROM all_data
      WHERE hdi IS NOT NULL AND fertility IS NOT NULL
      ORDER BY year, country_code
     | 140 ms
[2026-07-29T17:02:38.864Z] SQL (get): 
      SELECT MIN(population) as min_value, MAX(population) as max_value
      FROM all_data
      WHERE population IS NOT NULL
     | 123 ms
[2026-07-29T17:02:38.999Z] SQL (get): 
      SELECT MIN(year) as min_year, MAX(year) as max_year
      FROM all_data
      WHERE year IS NOT NULL
        AND median_age IS NOT NULL
     | 31 ms
[2026-07-29T17:02:39.031Z] SQL (get): 
      SELECT MIN(median_age) as min_value, MAX(median_age) as max_value
      FROM all_data
      WHERE median_age IS NOT NULL
     | 27 ms
[2026-07-29T17:02:39.060Z] SQL (all): 
      SELECT country_code, year, access_to_clean_fuels, access_to_electricity, annual_gdp_growth, arable_land_percent, birth_rate, child_mortality, co2_emissions_per_capita, co2_emissions_total, consumer_price_index, corruption, corruption_perceptions_index, crime_rate, current_account_balance_percent_gdp, death_rate, debt_to_gdp, democracy_index, education_expenditure_percent_gdp, exports_percent_gdp, fdi_net_inflows, female_enrollment_tertiary, female_labor_force_participation, fertility, fixed_broadband_per100, forest_area_percent, gdp, gdp_per_capita, gdp_ppp, gender_inequality, gini, greenhouse_gas_emissions_per_capita, gross_savings_percent_gdp, hdi, health_expenditure_per_capita, health_expenditure_percent_gdp, hightech_exports_percent, homicide_rate, hospital_beds_per1000, human_capital_index, human_rights_score, ict_goods_exports_percent, immunization_dpt, immunization_measles, inflation, internet_users_percent, learning_adjusted_years_of_school, life_expectancy, life_satisfaction_index, literacy_rate_adult, literacy_rate_youth, logistics_performance_index, maternal_mortality_ratio, median_age, military_expenditure_percent_gdp, military_expenditure_total, mobile_subscriptions_per100, mortality_rate_under5, nuclear_energy_share, nurses_midwives_per1000, patent_applications_residents, physicians_per1000, pisa_reading_score, pm25_air_pollution, population, population_growth_rate, poverty_ratio, press_freedom, pupil_teacher_ratio_primary, rd_expenditure_percent_gdp, renewable_electricity_output, renewable_energy_percent, renewable_energy_share_total, rule_of_law, sanitation_access_safe, school_enrollment_primary, school_enrollment_secondary, school_enrollment_tertiary, secure_internet_servers_per_million, share_electricity_renewables, share_using_internet, terrorism_deaths, trade_percent_gdp, unemployment, urbanization, water_access_safe, water_stress_index, women_in_parliament
      FROM all_data
      WHERE year = ?
      ORDER BY country_code
     | params: [2025] | 20 ms
[2026-07-29T17:03:58.525Z] SQL (get): 
      SELECT MIN(year) as min_year, MAX(year) as max_year
      FROM all_data
      WHERE year IS NOT NULL
        AND corruption IS NOT NULL
     | 21 ms
[2026-07-29T17:03:58.551Z] SQL (get): 
      SELECT MIN(corruption) as min_value, MAX(corruption) as max_value
      FROM all_data
      WHERE corruption IS NOT NULL
     | 20 ms
[2026-07-29T17:03:58.584Z] SQL (all): 
      SELECT country_code, year, access_to_clean_fuels, access_to_electricity, annual_gdp_growth, arable_land_percent, birth_rate, child_mortality, co2_emissions_per_capita, co2_emissions_total, consumer_price_index, corruption, corruption_perceptions_index, crime_rate, current_account_balance_percent_gdp, death_rate, debt_to_gdp, democracy_index, education_expenditure_percent_gdp, exports_percent_gdp, fdi_net_inflows, female_enrollment_tertiary, female_labor_force_participation, fertility, fixed_broadband_per100, forest_area_percent, gdp, gdp_per_capita, gdp_ppp, gender_inequality, gini, greenhouse_gas_emissions_per_capita, gross_savings_percent_gdp, hdi, health_expenditure_per_capita, health_expenditure_percent_gdp, hightech_exports_percent, homicide_rate, hospital_beds_per1000, human_capital_index, human_rights_score, ict_goods_exports_percent, immunization_dpt, immunization_measles, inflation, internet_users_percent, learning_adjusted_years_of_school, life_expectancy, life_satisfaction_index, literacy_rate_adult, literacy_rate_youth, logistics_performance_index, maternal_mortality_ratio, median_age, military_expenditure_percent_gdp, military_expenditure_total, mobile_subscriptions_per100, mortality_rate_under5, nuclear_energy_share, nurses_midwives_per1000, patent_applications_residents, physicians_per1000, pisa_reading_score, pm25_air_pollution, population, population_growth_rate, poverty_ratio, press_freedom, pupil_teacher_ratio_primary, rd_expenditure_percent_gdp, renewable_electricity_output, renewable_energy_percent, renewable_energy_share_total, rule_of_law, sanitation_access_safe, school_enrollment_primary, school_enrollment_secondary, school_enrollment_tertiary, secure_internet_servers_per_million, share_electricity_renewables, share_using_internet, terrorism_deaths, trade_percent_gdp, unemployment, urbanization, water_access_safe, water_stress_index, women_in_parliament
      FROM all_data
      WHERE year = ?
      ORDER BY country_code
     | params: [2023] | 25 ms
[2026-07-29T17:05:00.942Z] SQL (get): 
      SELECT MIN(year) as min_year, MAX(year) as max_year
      FROM all_data
      WHERE year IS NOT NULL
        AND press_freedom IS NOT NULL
     | 32 ms
[2026-07-29T17:05:00.978Z] SQL (get): 
      SELECT MIN(press_freedom) as min_value, MAX(press_freedom) as max_value
      FROM all_data
      WHERE press_freedom IS NOT NULL
     | 30 ms
[2026-07-29T17:56:18.588Z] SQL (all): 
    SELECT country_code, year, gdp_ppp, life_satisfaction_index, press_freedom
    FROM all_data
    WHERE country_code IN (?,?,?)
    ORDER BY country_code, year ASC
   | params: ["CHN","IND","USA"] | 8 ms
[2026-07-29T17:59:18.882Z] SQL (get): 
      SELECT MIN(year) as min_year, MAX(year) as max_year
      FROM all_data
      WHERE year IS NOT NULL
        AND gdp_per_capita IS NOT NULL
     | 22 ms
[2026-07-29T17:59:18.914Z] SQL (get): 
      SELECT MIN(gdp_per_capita) as min_value, MAX(gdp_per_capita) as max_value
      FROM all_data
      WHERE gdp_per_capita IS NOT NULL
     | 24 ms
[2026-07-29T17:59:18.965Z] SQL (all): 
      SELECT country_code, year, access_to_clean_fuels, access_to_electricity, annual_gdp_growth, arable_land_percent, birth_rate, child_mortality, co2_emissions_per_capita, co2_emissions_total, consumer_price_index, corruption, corruption_perceptions_index, crime_rate, current_account_balance_percent_gdp, death_rate, debt_to_gdp, democracy_index, education_expenditure_percent_gdp, exports_percent_gdp, fdi_net_inflows, female_enrollment_tertiary, female_labor_force_participation, fertility, fixed_broadband_per100, forest_area_percent, gdp, gdp_per_capita, gdp_ppp, gender_inequality, gini, greenhouse_gas_emissions_per_capita, gross_savings_percent_gdp, hdi, health_expenditure_per_capita, health_expenditure_percent_gdp, hightech_exports_percent, homicide_rate, hospital_beds_per1000, human_capital_index, human_rights_score, ict_goods_exports_percent, immunization_dpt, immunization_measles, inflation, internet_users_percent, learning_adjusted_years_of_school, life_expectancy, life_satisfaction_index, literacy_rate_adult, literacy_rate_youth, logistics_performance_index, maternal_mortality_ratio, median_age, military_expenditure_percent_gdp, military_expenditure_total, mobile_subscriptions_per100, mortality_rate_under5, nuclear_energy_share, nurses_midwives_per1000, patent_applications_residents, physicians_per1000, pisa_reading_score, pm25_air_pollution, population, population_growth_rate, poverty_ratio, press_freedom, pupil_teacher_ratio_primary, rd_expenditure_percent_gdp, renewable_electricity_output, renewable_energy_percent, renewable_energy_share_total, rule_of_law, sanitation_access_safe, school_enrollment_primary, school_enrollment_secondary, school_enrollment_tertiary, secure_internet_servers_per_million, share_electricity_renewables, share_using_internet, terrorism_deaths, trade_percent_gdp, unemployment, urbanization, water_access_safe, water_stress_index, women_in_parliament
      FROM all_data
      WHERE year = ?
      ORDER BY country_code
     | params: [2024] | 32 ms
[2026-07-29T18:03:06.288Z] SQL (all): 
      SELECT country_code, year, democracy_index as x_value, corruption as y_value, population as s_value
      FROM all_data
      WHERE year = ? AND democracy_index IS NOT NULL AND corruption IS NOT NULL AND population IS NOT NULL
     | params: [2023] | 4 ms
[2026-07-29T18:03:06.291Z] SQL (all): 
      SELECT country_code, year, hdi as x_value, fertility as y_value
      FROM all_data
      WHERE year = ? AND hdi IS NOT NULL AND fertility IS NOT NULL
     | params: [2023] | 7 ms
[2026-07-29T18:03:06.351Z] SQL (get): 
      SELECT MIN(population) as min_value, MAX(population) as max_value
      FROM all_data
      WHERE population IS NOT NULL
     | 31 ms
[2026-07-29T18:05:34.440Z] SQL (get): 
    SELECT MIN(year) as min_year, MAX(year) as max_year
    FROM all_data
    WHERE year IS NOT NULL
   | 10 ms
[2026-07-29T18:05:34.540Z] SQL (get): 
      SELECT MIN(year) as min_year, MAX(year) as max_year
      FROM all_data
      WHERE year IS NOT NULL
        AND hdi IS NOT NULL
        AND fertility IS NOT NULL
     | 67 ms
[2026-07-29T18:05:34.542Z] SQL (get): 
      SELECT MIN(year) as min_year, MAX(year) as max_year
      FROM all_data
      WHERE year IS NOT NULL
        AND democracy_index IS NOT NULL
        AND corruption IS NOT NULL
        AND population IS NOT NULL
     | 69 ms
[2026-07-29T18:05:34.595Z] SQL (all): 
      SELECT country_code, year, democracy_index as x_value, corruption as y_value
      FROM all_data
      WHERE democracy_index IS NOT NULL AND corruption IS NOT NULL
      ORDER BY year, country_code
     | 39 ms
[2026-07-29T18:05:34.679Z] SQL (all): 
      SELECT country_code, year, hdi as x_value, fertility as y_value
      FROM all_data
      WHERE hdi IS NOT NULL AND fertility IS NOT NULL
      ORDER BY year, country_code
     | 118 ms
[2026-07-29T18:05:34.780Z] SQL (all): 
      SELECT country_code, year, access_to_clean_fuels, access_to_electricity, annual_gdp_growth, arable_land_percent, birth_rate, child_mortality, co2_emissions_per_capita, co2_emissions_total, consumer_price_index, corruption, corruption_perceptions_index, crime_rate, current_account_balance_percent_gdp, death_rate, debt_to_gdp, democracy_index, education_expenditure_percent_gdp, exports_percent_gdp, fdi_net_inflows, female_enrollment_tertiary, female_labor_force_participation, fertility, fixed_broadband_per100, forest_area_percent, gdp, gdp_per_capita, gdp_ppp, gender_inequality, gini, greenhouse_gas_emissions_per_capita, gross_savings_percent_gdp, hdi, health_expenditure_per_capita, health_expenditure_percent_gdp, hightech_exports_percent, homicide_rate, hospital_beds_per1000, human_capital_index, human_rights_score, ict_goods_exports_percent, immunization_dpt, immunization_measles, inflation, internet_users_percent, learning_adjusted_years_of_school, life_expectancy, life_satisfaction_index, literacy_rate_adult, literacy_rate_youth, logistics_performance_index, maternal_mortality_ratio, median_age, military_expenditure_percent_gdp, military_expenditure_total, mobile_subscriptions_per100, mortality_rate_under5, nuclear_energy_share, nurses_midwives_per1000, patent_applications_residents, physicians_per1000, pisa_reading_score, pm25_air_pollution, population, population_growth_rate, poverty_ratio, press_freedom, pupil_teacher_ratio_primary, rd_expenditure_percent_gdp, renewable_electricity_output, renewable_energy_percent, renewable_energy_share_total, rule_of_law, sanitation_access_safe, school_enrollment_primary, school_enrollment_secondary, school_enrollment_tertiary, secure_internet_servers_per_million, share_electricity_renewables, share_using_internet, terrorism_deaths, trade_percent_gdp, unemployment, urbanization, water_access_safe, water_stress_index, women_in_parliament
      FROM all_data
      WHERE year = ?
      ORDER BY country_code
     | params: [2023] | 30 ms
[2026-07-30T13:42:29.004Z] SQL (all): SELECT * FROM countries | 12 ms
[2026-07-30T13:42:29.102Z] SQL (all): PRAGMA table_info(all_data) | 1 ms
[2026-07-30T13:42:29.134Z] SQL (all): SELECT DISTINCT year FROM all_data WHERE year IS NOT NULL ORDER BY year DESC | 33 ms
[2026-07-30T13:42:29.134Z] SQL (get): SELECT MIN(year) as min_year, MAX(year) as max_year FROM all_data WHERE year IS NOT NULL | 33 ms
[2026-07-30T13:42:46.134Z] SQL (get): 
    SELECT MIN(year) as min_year, MAX(year) as max_year
    FROM all_data
    WHERE year IS NOT NULL
   | 7 ms
[2026-07-30T13:42:46.524Z] SQL (get): 
      SELECT MIN(year) as min_year, MAX(year) as max_year
      FROM all_data
      WHERE year IS NOT NULL
        AND democracy_index IS NOT NULL
        AND corruption IS NOT NULL
        AND population IS NOT NULL
     | 348 ms
[2026-07-30T13:42:46.557Z] SQL (get): 
      SELECT MIN(year) as min_year, MAX(year) as max_year
      FROM all_data
      WHERE year IS NOT NULL
        AND hdi IS NOT NULL
        AND fertility IS NOT NULL
     | 377 ms
[2026-07-30T13:42:46.761Z] SQL (all): 
      SELECT country_code, year, democracy_index as x_value, corruption as y_value, population as s_value
      FROM all_data
      WHERE year = ? AND democracy_index IS NOT NULL AND corruption IS NOT NULL AND population IS NOT NULL
     | params: [2023] | 8 ms
[2026-07-30T13:42:46.765Z] SQL (all): 
      SELECT country_code, year, hdi as x_value, fertility as y_value
      FROM all_data
      WHERE year = ? AND hdi IS NOT NULL AND fertility IS NOT NULL
     | params: [2023] | 8 ms
[2026-07-30T13:42:46.848Z] SQL (all): 
      SELECT country_code, year, democracy_index as x_value, corruption as y_value
      FROM all_data
      WHERE democracy_index IS NOT NULL AND corruption IS NOT NULL
      ORDER BY year, country_code
     | 41 ms
[2026-07-30T13:42:46.927Z] SQL (all): 
      SELECT country_code, year, hdi as x_value, fertility as y_value
      FROM all_data
      WHERE hdi IS NOT NULL AND fertility IS NOT NULL
      ORDER BY year, country_code
     | 96 ms
[2026-07-30T13:42:47.166Z] SQL (get): 
      SELECT MIN(population) as min_value, MAX(population) as max_value
      FROM all_data
      WHERE population IS NOT NULL
     | 38 ms
[2026-07-30T13:42:47.285Z] SQL (all): 
      SELECT country_code, year, access_to_clean_fuels, access_to_electricity, annual_gdp_growth, arable_land_percent, birth_rate, child_mortality, co2_emissions_per_capita, co2_emissions_total, consumer_price_index, corruption, corruption_perceptions_index, crime_rate, current_account_balance_percent_gdp, death_rate, debt_to_gdp, democracy_index, education_expenditure_percent_gdp, exports_percent_gdp, fdi_net_inflows, female_enrollment_tertiary, female_labor_force_participation, fertility, fixed_broadband_per100, forest_area_percent, gdp, gdp_per_capita, gdp_ppp, gender_inequality, gini, greenhouse_gas_emissions_per_capita, gross_savings_percent_gdp, hdi, health_expenditure_per_capita, health_expenditure_percent_gdp, hightech_exports_percent, homicide_rate, hospital_beds_per1000, human_capital_index, human_rights_score, ict_goods_exports_percent, immunization_dpt, immunization_measles, inflation, internet_users_percent, learning_adjusted_years_of_school, life_expectancy, life_satisfaction_index, literacy_rate_adult, literacy_rate_youth, logistics_performance_index, maternal_mortality_ratio, median_age, military_expenditure_percent_gdp, military_expenditure_total, mobile_subscriptions_per100, mortality_rate_under5, nuclear_energy_share, nurses_midwives_per1000, patent_applications_residents, physicians_per1000, pisa_reading_score, pm25_air_pollution, population, population_growth_rate, poverty_ratio, press_freedom, pupil_teacher_ratio_primary, rd_expenditure_percent_gdp, renewable_electricity_output, renewable_energy_percent, renewable_energy_share_total, rule_of_law, sanitation_access_safe, school_enrollment_primary, school_enrollment_secondary, school_enrollment_tertiary, secure_internet_servers_per_million, share_electricity_renewables, share_using_internet, terrorism_deaths, trade_percent_gdp, unemployment, urbanization, water_access_safe, water_stress_index, women_in_parliament
      FROM all_data
      WHERE year = ?
      ORDER BY country_code
     | params: [2023] | 25 ms
[2026-07-30T13:42:59.777Z] SQL (all): 
    SELECT country_code, year, gdp_ppp, life_satisfaction_index, press_freedom
    FROM all_data
    WHERE country_code IN (?,?,?)
    ORDER BY country_code, year ASC
   | params: ["CHN","IND","USA"] | 7 ms
[2026-07-30T13:43:01.181Z] SQL (get): 
      SELECT MIN(year) as min_year, MAX(year) as max_year
      FROM all_data
      WHERE year IS NOT NULL
        AND median_age IS NOT NULL
     | 23 ms
[2026-07-30T13:43:01.205Z] SQL (get): 
      SELECT MIN(median_age) as min_value, MAX(median_age) as max_value
      FROM all_data
      WHERE median_age IS NOT NULL
     | 20 ms
[2026-07-30T13:43:01.230Z] SQL (all): 
      SELECT country_code, year, access_to_clean_fuels, access_to_electricity, annual_gdp_growth, arable_land_percent, birth_rate, child_mortality, co2_emissions_per_capita, co2_emissions_total, consumer_price_index, corruption, corruption_perceptions_index, crime_rate, current_account_balance_percent_gdp, death_rate, debt_to_gdp, democracy_index, education_expenditure_percent_gdp, exports_percent_gdp, fdi_net_inflows, female_enrollment_tertiary, female_labor_force_participation, fertility, fixed_broadband_per100, forest_area_percent, gdp, gdp_per_capita, gdp_ppp, gender_inequality, gini, greenhouse_gas_emissions_per_capita, gross_savings_percent_gdp, hdi, health_expenditure_per_capita, health_expenditure_percent_gdp, hightech_exports_percent, homicide_rate, hospital_beds_per1000, human_capital_index, human_rights_score, ict_goods_exports_percent, immunization_dpt, immunization_measles, inflation, internet_users_percent, learning_adjusted_years_of_school, life_expectancy, life_satisfaction_index, literacy_rate_adult, literacy_rate_youth, logistics_performance_index, maternal_mortality_ratio, median_age, military_expenditure_percent_gdp, military_expenditure_total, mobile_subscriptions_per100, mortality_rate_under5, nuclear_energy_share, nurses_midwives_per1000, patent_applications_residents, physicians_per1000, pisa_reading_score, pm25_air_pollution, population, population_growth_rate, poverty_ratio, press_freedom, pupil_teacher_ratio_primary, rd_expenditure_percent_gdp, renewable_electricity_output, renewable_energy_percent, renewable_energy_share_total, rule_of_law, sanitation_access_safe, school_enrollment_primary, school_enrollment_secondary, school_enrollment_tertiary, secure_internet_servers_per_million, share_electricity_renewables, share_using_internet, terrorism_deaths, trade_percent_gdp, unemployment, urbanization, water_access_safe, water_stress_index, women_in_parliament
      FROM all_data
      WHERE year = ?
      ORDER BY country_code
     | params: [2025] | 20 ms
[2026-07-30T13:43:02.470Z] SQL (get): 
        SELECT MIN(year) as min_year, MAX(year) as max_year
        FROM all_data
        WHERE year IS NOT NULL
          AND (democracy_index IS NOT NULL OR corruption IS NOT NULL OR corruption_perceptions_index IS NOT NULL OR press_freedom IS NOT NULL OR rule_of_law IS NOT NULL OR human_rights_score IS NOT NULL OR gdp IS NOT NULL OR annual_gdp_growth IS NOT NULL OR gdp_per_capita IS NOT NULL OR gdp_ppp IS NOT NULL OR debt_to_gdp IS NOT NULL OR inflation IS NOT NULL OR unemployment IS NOT NULL OR gini IS NOT NULL OR fdi_net_inflows IS NOT NULL OR trade_percent_gdp IS NOT NULL OR exports_percent_gdp IS NOT NULL OR gross_savings_percent_gdp IS NOT NULL OR current_account_balance_percent_gdp IS NOT NULL OR internet_users_percent IS NOT NULL OR share_using_internet IS NOT NULL OR mobile_subscriptions_per100 IS NOT NULL OR fixed_broadband_per100 IS NOT NULL OR rd_expenditure_percent_gdp IS NOT NULL OR patent_applications_residents IS NOT NULL OR hightech_exports_percent IS NOT NULL OR ict_goods_exports_percent IS NOT NULL OR secure_internet_servers_per_million IS NOT NULL OR education_expenditure_percent_gdp IS NOT NULL OR literacy_rate_adult IS NOT NULL OR literacy_rate_youth IS NOT NULL OR school_enrollment_primary IS NOT NULL OR school_enrollment_secondary IS NOT NULL OR school_enrollment_tertiary IS NOT NULL OR pupil_teacher_ratio_primary IS NOT NULL OR learning_adjusted_years_of_school IS NOT NULL OR life_expectancy IS NOT NULL OR hospital_beds_per1000 IS NOT NULL OR physicians_per1000 IS NOT NULL OR nurses_midwives_per1000 IS NOT NULL OR health_expenditure_percent_gdp IS NOT NULL OR health_expenditure_per_capita IS NOT NULL OR immunization_measles IS NOT NULL OR immunization_dpt IS NOT NULL OR mortality_rate_under5 IS NOT NULL OR child_mortality IS NOT NULL OR maternal_mortality_ratio IS NOT NULL OR birth_rate IS NOT NULL OR death_rate IS NOT NULL OR co2_emissions_per_capita IS NOT NULL OR co2_emissions_total IS NOT NULL OR greenhouse_gas_emissions_per_capita IS NOT NULL OR forest_area_percent IS NOT NULL OR renewable_energy_percent IS NOT NULL OR renewable_electricity_output IS NOT NULL OR renewable_energy_share_total IS NOT NULL OR share_electricity_renewables IS NOT NULL OR nuclear_energy_share IS NOT NULL OR access_to_electricity IS NOT NULL OR pm25_air_pollution IS NOT NULL OR arable_land_percent IS NOT NULL OR access_to_clean_fuels IS NOT NULL OR population IS NOT NULL OR fertility IS NOT NULL OR median_age IS NOT NULL OR urbanization IS NOT NULL OR hdi IS NOT NULL OR life_satisfaction_index IS NOT NULL OR poverty_ratio IS NOT NULL OR homicide_rate IS NOT NULL OR military_expenditure_percent_gdp IS NOT NULL OR military_expenditure_total IS NOT NULL OR terrorism_deaths IS NOT NULL OR gender_inequality IS NOT NULL OR female_labor_force_participation IS NOT NULL OR women_in_parliament IS NOT NULL OR female_enrollment_tertiary IS NOT NULL OR sanitation_access_safe IS NOT NULL OR population_growth_rate IS NOT NULL OR logistics_performance_index IS NOT NULL OR consumer_price_index IS NOT NULL OR human_capital_index IS NOT NULL OR pisa_reading_score IS NOT NULL OR crime_rate IS NOT NULL OR water_stress_index IS NOT NULL OR water_access_safe IS NOT NULL)
       | 38 ms
[2026-07-30T13:43:29.233Z] SQL (get): 
      SELECT MIN(year) as min_year, MAX(year) as max_year
      FROM all_data
      WHERE year IS NOT NULL
        AND birth_rate IS NOT NULL
     | 33 ms
[2026-07-30T13:43:29.263Z] SQL (get): 
      SELECT MIN(birth_rate) as min_value, MAX(birth_rate) as max_value
      FROM all_data
      WHERE birth_rate IS NOT NULL
     | 24 ms
[2026-07-30T13:43:29.295Z] SQL (all): 
      SELECT country_code, year, access_to_clean_fuels, access_to_electricity, annual_gdp_growth, arable_land_percent, birth_rate, child_mortality, co2_emissions_per_capita, co2_emissions_total, consumer_price_index, corruption, corruption_perceptions_index, crime_rate, current_account_balance_percent_gdp, death_rate, debt_to_gdp, democracy_index, education_expenditure_percent_gdp, exports_percent_gdp, fdi_net_inflows, female_enrollment_tertiary, female_labor_force_participation, fertility, fixed_broadband_per100, forest_area_percent, gdp, gdp_per_capita, gdp_ppp, gender_inequality, gini, greenhouse_gas_emissions_per_capita, gross_savings_percent_gdp, hdi, health_expenditure_per_capita, health_expenditure_percent_gdp, hightech_exports_percent, homicide_rate, hospital_beds_per1000, human_capital_index, human_rights_score, ict_goods_exports_percent, immunization_dpt, immunization_measles, inflation, internet_users_percent, learning_adjusted_years_of_school, life_expectancy, life_satisfaction_index, literacy_rate_adult, literacy_rate_youth, logistics_performance_index, maternal_mortality_ratio, median_age, military_expenditure_percent_gdp, military_expenditure_total, mobile_subscriptions_per100, mortality_rate_under5, nuclear_energy_share, nurses_midwives_per1000, patent_applications_residents, physicians_per1000, pisa_reading_score, pm25_air_pollution, population, population_growth_rate, poverty_ratio, press_freedom, pupil_teacher_ratio_primary, rd_expenditure_percent_gdp, renewable_electricity_output, renewable_energy_percent, renewable_energy_share_total, rule_of_law, sanitation_access_safe, school_enrollment_primary, school_enrollment_secondary, school_enrollment_tertiary, secure_internet_servers_per_million, share_electricity_renewables, share_using_internet, terrorism_deaths, trade_percent_gdp, unemployment, urbanization, water_access_safe, water_stress_index, women_in_parliament
      FROM all_data
      WHERE year = ?
      ORDER BY country_code
     | params: [2024] | 26 ms
[2026-07-30T13:49:18.292Z] SQL (all): 
    SELECT country_code, year, gdp_ppp, life_satisfaction_index, press_freedom
    FROM all_data
    WHERE country_code IN (?,?)
    ORDER BY country_code, year ASC
   | params: ["CHN","IND"] | 3 ms
[2026-07-30T14:07:10.124Z] SQL (all): SELECT * FROM countries | 35 ms
[2026-07-30T14:07:10.196Z] SQL (all): PRAGMA table_info(all_data) | 2 ms
[2026-07-30T14:07:10.207Z] SQL (all): SELECT DISTINCT year FROM all_data WHERE year IS NOT NULL ORDER BY year DESC | 13 ms
[2026-07-30T14:07:10.207Z] SQL (get): SELECT MIN(year) as min_year, MAX(year) as max_year FROM all_data WHERE year IS NOT NULL | 13 ms
[2026-07-30T14:07:19.400Z] SQL (get): 
    SELECT MIN(year) as min_year, MAX(year) as max_year
    FROM all_data
    WHERE year IS NOT NULL
   | 8 ms
[2026-07-30T14:07:19.476Z] SQL (get): 
      SELECT MIN(year) as min_year, MAX(year) as max_year
      FROM all_data
      WHERE year IS NOT NULL
        AND democracy_index IS NOT NULL
        AND corruption IS NOT NULL
        AND population IS NOT NULL
     | 32 ms
[2026-07-30T14:07:19.509Z] SQL (get): 
      SELECT MIN(year) as min_year, MAX(year) as max_year
      FROM all_data
      WHERE year IS NOT NULL
        AND hdi IS NOT NULL
        AND fertility IS NOT NULL
     | 64 ms
[2026-07-30T14:07:19.520Z] SQL (all): 
      SELECT country_code, year, democracy_index as x_value, corruption as y_value, population as s_value
      FROM all_data
      WHERE year = ? AND democracy_index IS NOT NULL AND corruption IS NOT NULL AND population IS NOT NULL
     | params: [2023] | 8 ms
[2026-07-30T14:07:19.523Z] SQL (all): 
      SELECT country_code, year, hdi as x_value, fertility as y_value
      FROM all_data
      WHERE year = ? AND hdi IS NOT NULL AND fertility IS NOT NULL
     | params: [2023] | 10 ms
[2026-07-30T14:07:19.576Z] SQL (all): 
      SELECT country_code, year, democracy_index as x_value, corruption as y_value
      FROM all_data
      WHERE democracy_index IS NOT NULL AND corruption IS NOT NULL
      ORDER BY year, country_code
     | 42 ms
[2026-07-30T14:07:19.640Z] SQL (all): 
      SELECT country_code, year, hdi as x_value, fertility as y_value
      FROM all_data
      WHERE hdi IS NOT NULL AND fertility IS NOT NULL
      ORDER BY year, country_code
     | 106 ms
[2026-07-30T14:07:19.746Z] SQL (get): 
      SELECT MIN(population) as min_value, MAX(population) as max_value
      FROM all_data
      WHERE population IS NOT NULL
     | 57 ms
[2026-07-30T14:07:19.801Z] SQL (all): 
      SELECT country_code, year, access_to_clean_fuels, access_to_electricity, annual_gdp_growth, arable_land_percent, birth_rate, child_mortality, co2_emissions_per_capita, co2_emissions_total, consumer_price_index, corruption, corruption_perceptions_index, crime_rate, current_account_balance_percent_gdp, death_rate, debt_to_gdp, democracy_index, education_expenditure_percent_gdp, exports_percent_gdp, fdi_net_inflows, female_enrollment_tertiary, female_labor_force_participation, fertility, fixed_broadband_per100, forest_area_percent, gdp, gdp_per_capita, gdp_ppp, gender_inequality, gini, greenhouse_gas_emissions_per_capita, gross_savings_percent_gdp, hdi, health_expenditure_per_capita, health_expenditure_percent_gdp, hightech_exports_percent, homicide_rate, hospital_beds_per1000, human_capital_index, human_rights_score, ict_goods_exports_percent, immunization_dpt, immunization_measles, inflation, internet_users_percent, learning_adjusted_years_of_school, life_expectancy, life_satisfaction_index, literacy_rate_adult, literacy_rate_youth, logistics_performance_index, maternal_mortality_ratio, median_age, military_expenditure_percent_gdp, military_expenditure_total, mobile_subscriptions_per100, mortality_rate_under5, nuclear_energy_share, nurses_midwives_per1000, patent_applications_residents, physicians_per1000, pisa_reading_score, pm25_air_pollution, population, population_growth_rate, poverty_ratio, press_freedom, pupil_teacher_ratio_primary, rd_expenditure_percent_gdp, renewable_electricity_output, renewable_energy_percent, renewable_energy_share_total, rule_of_law, sanitation_access_safe, school_enrollment_primary, school_enrollment_secondary, school_enrollment_tertiary, secure_internet_servers_per_million, share_electricity_renewables, share_using_internet, terrorism_deaths, trade_percent_gdp, unemployment, urbanization, water_access_safe, water_stress_index, women_in_parliament
      FROM all_data
      WHERE year = ?
      ORDER BY country_code
     | params: [2023] | 25 ms
[2026-07-30T16:00:10.951Z] SQL (all): SELECT * FROM countries | 5 ms
[2026-07-30T16:00:11.052Z] SQL (all): PRAGMA table_info(all_data) | 3 ms
[2026-07-30T16:00:11.064Z] SQL (all): SELECT DISTINCT year FROM all_data WHERE year IS NOT NULL ORDER BY year DESC | 14 ms
[2026-07-30T16:00:11.064Z] SQL (get): SELECT MIN(year) as min_year, MAX(year) as max_year FROM all_data WHERE year IS NOT NULL | 14 ms
[2026-07-30T16:00:14.006Z] SQL (get): 
    SELECT MIN(year) as min_year, MAX(year) as max_year
    FROM all_data
    WHERE year IS NOT NULL
   | 7 ms
[2026-07-30T16:00:14.089Z] SQL (get): 
      SELECT MIN(year) as min_year, MAX(year) as max_year
      FROM all_data
      WHERE year IS NOT NULL
        AND democracy_index IS NOT NULL
        AND corruption IS NOT NULL
        AND population IS NOT NULL
     | 33 ms
[2026-07-30T16:00:14.123Z] SQL (get): 
      SELECT MIN(year) as min_year, MAX(year) as max_year
      FROM all_data
      WHERE year IS NOT NULL
        AND hdi IS NOT NULL
        AND fertility IS NOT NULL
     | 66 ms
[2026-07-30T16:00:14.137Z] SQL (all): 
      SELECT country_code, year, democracy_index as x_value, corruption as y_value, population as s_value
      FROM all_data
      WHERE year = ? AND democracy_index IS NOT NULL AND corruption IS NOT NULL AND population IS NOT NULL
     | params: [2023] | 9 ms
[2026-07-30T16:00:14.142Z] SQL (all): 
      SELECT country_code, year, hdi as x_value, fertility as y_value
      FROM all_data
      WHERE year = ? AND hdi IS NOT NULL AND fertility IS NOT NULL
     | params: [2023] | 11 ms
[2026-07-30T16:00:14.194Z] SQL (all): 
      SELECT country_code, year, democracy_index as x_value, corruption as y_value
      FROM all_data
      WHERE democracy_index IS NOT NULL AND corruption IS NOT NULL
      ORDER BY year, country_code
     | 36 ms
[2026-07-30T16:00:14.258Z] SQL (all): 
      SELECT country_code, year, hdi as x_value, fertility as y_value
      FROM all_data
      WHERE hdi IS NOT NULL AND fertility IS NOT NULL
      ORDER BY year, country_code
     | 100 ms
[2026-07-30T16:00:14.357Z] SQL (get): 
      SELECT MIN(population) as min_value, MAX(population) as max_value
      FROM all_data
      WHERE population IS NOT NULL
     | 59 ms
[2026-07-30T16:00:17.018Z] SQL (all): 
      SELECT country_code, year, access_to_clean_fuels, access_to_electricity, annual_gdp_growth, arable_land_percent, birth_rate, child_mortality, co2_emissions_per_capita, co2_emissions_total, consumer_price_index, corruption, corruption_perceptions_index, crime_rate, current_account_balance_percent_gdp, death_rate, debt_to_gdp, democracy_index, education_expenditure_percent_gdp, exports_percent_gdp, fdi_net_inflows, female_enrollment_tertiary, female_labor_force_participation, fertility, fixed_broadband_per100, forest_area_percent, gdp, gdp_per_capita, gdp_ppp, gender_inequality, gini, greenhouse_gas_emissions_per_capita, gross_savings_percent_gdp, hdi, health_expenditure_per_capita, health_expenditure_percent_gdp, hightech_exports_percent, homicide_rate, hospital_beds_per1000, human_capital_index, human_rights_score, ict_goods_exports_percent, immunization_dpt, immunization_measles, inflation, internet_users_percent, learning_adjusted_years_of_school, life_expectancy, life_satisfaction_index, literacy_rate_adult, literacy_rate_youth, logistics_performance_index, maternal_mortality_ratio, median_age, military_expenditure_percent_gdp, military_expenditure_total, mobile_subscriptions_per100, mortality_rate_under5, nuclear_energy_share, nurses_midwives_per1000, patent_applications_residents, physicians_per1000, pisa_reading_score, pm25_air_pollution, population, population_growth_rate, poverty_ratio, press_freedom, pupil_teacher_ratio_primary, rd_expenditure_percent_gdp, renewable_electricity_output, renewable_energy_percent, renewable_energy_share_total, rule_of_law, sanitation_access_safe, school_enrollment_primary, school_enrollment_secondary, school_enrollment_tertiary, secure_internet_servers_per_million, share_electricity_renewables, share_using_internet, terrorism_deaths, trade_percent_gdp, unemployment, urbanization, water_access_safe, water_stress_index, women_in_parliament
      FROM all_data
      WHERE year = ?
      ORDER BY country_code
     | params: [2023] | 28 ms
